id;region;fed_okr;tipnp;Q1;Q2;Q3;Q4;Q5;Q6;Q7;AGE;EDU;GENDER;PROF;INCOME
1;66;6;6;0;1;1;4;4;4;4;57;3;2;1;6
2;24;7;2;0;1;2;3;3;5;3;58;3;2;1;8
3;33;1;4;0;1;2;3;3;4;4;56;5;2;1;8
4;37;1;4;1;1;2;4;4;4;2;63;3;2;1;7
5;39;2;4;1;1;4;4;4;5;4;64;2;1;1;7
6;16;5;3;1;1;1;4;4;4;4;60;5;1;1;9
7;36;1;2;1;1;4;4;4;7;4;63;4;2;1;9
8;24;7;6;0;1;1;4;4;5;7;57;3;2;1;5
9;24;7;2;0;1;1;2;2;7;7;56;3;2;1;6
10;38;7;4;0;0;3;2;2;6;5;64;5;2;1;9
11;24;7;7;1;0;4;4;1;7;97;59;2;2;1;4
12;47;2;6;1;0;1;4;4;6;97;58;5;2;1;7
13;21;5;7;0;0;4;4;4;97;3;57;2;2;1;8
14;58;5;7;0;0;4;4;2;97;7;55;3;2;1;8
15;30;3;6;2;0;4;2;1;2;1;58;3;2;1;6
16;52;5;5;2;0;1;3;4;5;2;57;3;2;1;6
17;59;5;2;3;0;2;2;4;3;2;64;5;2;1;6
18;74;6;2;3;1;1;4;4;3;5;62;3;2;1;8
19;92;3;4;3;0;2;4;4;7;7;57;3;2;1;9
20;74;6;2;3;0;1;4;4;5;6;64;3;1;1;8
21;47;2;5;3;0;1;4;4;6;97;62;5;2;1;9
22;18;5;3;3;0;1;3;3;97;2;44;3;1;1;5
23;23;3;7;3;0;4;4;2;97;2;43;3;2;1;7
24;48;1;3;3;0;4;1;4;97;3;59;5;2;1;4
25;30;3;6;3;0;3;4;1;97;4;59;3;2;1;4
26;74;6;3;3;0;1;2;3;97;4;56;3;2;1;4
27;16;5;5;3;0;2;4;4;97;3;59;2;2;1;5
28;26;5;6;3;0;4;3;2;97;3;48;2;2;1;5
29;33;1;7;3;0;2;2;3;97;3;55;3;2;1;6
30;48;1;7;3;0;2;4;4;97;4;57;3;2;1;6
31;52;5;2;3;0;4;4;4;97;3;58;5;2;1;8
32;38;7;4;3;0;3;2;2;97;6;57;3;2;1;8
33;16;5;5;3;0;1;3;3;97;2;60;2;2;1;6
34;33;1;4;3;1;2;2;4;97;5;60;3;1;1;6
35;39;2;4;3;0;4;2;4;97;2;66;3;2;1;7
36;24;7;7;3;0;4;2;4;97;7;62;5;1;1;7
37;55;7;7;3;0;4;4;4;97;2;61;3;2;1;8
38;77;1;1;3;0;4;2;4;97;3;64;3;1;1;8
39;2;5;6;3;0;2;3;3;97;5;64;5;1;1;8
40;22;7;7;3;0;2;2;4;97;7;65;5;2;1;8
41;77;1;1;3;0;3;4;4;97;7;64;3;1;1;8
42;47;2;6;3;0;4;4;1;97;7;65;5;2;1;9
43;77;1;1;3;0;3;2;2;97;7;61;3;1;1;9
44;16;5;6;0;3;2;4;4;7;5;59;5;1;1;6
45;66;6;2;0;2;4;4;4;97;3;59;3;2;1;7
46;78;2;1;0;3;4;4;1;97;3;59;5;1;1;9
47;56;5;3;3;2;1;1;4;1;7;33;5;2;1;8
48;78;2;1;3;2;1;4;4;5;97;58;3;2;1;9
49;24;7;6;3;3;4;2;4;97;3;55;2;2;1;7
50;66;6;6;3;3;4;4;4;97;3;60;3;2;1;7
51;39;2;6;0;0;4;1;2;2;6;25;3;1;2;8
52;30;3;6;2;0;4;1;1;3;2;34;3;2;2;5
53;38;7;4;3;0;4;1;4;7;7;45;4;1;2;5
54;48;1;3;3;0;4;4;4;97;2;28;3;2;2;5
55;68;1;7;3;0;3;2;2;97;4;55;3;2;2;7
56;50;1;4;2;2;2;3;3;6;4;23;4;1;2;9
57;30;3;6;2;2;3;1;1;3;2;30;3;1;2;6
58;78;2;1;3;2;4;1;1;7;97;19;2;2;2;9
59;18;5;3;0;1;1;4;4;3;3;30;3;2;3;6
60;21;5;4;0;1;2;2;2;4;3;40;3;1;3;8
61;59;5;7;0;1;4;3;2;5;2;35;5;2;3;5
62;16;5;5;0;1;2;3;3;4;3;40;3;1;3;6
63;47;2;5;0;1;2;4;4;3;3;43;3;1;3;7
64;54;7;2;0;1;1;4;4;5;3;55;5;2;3;8
65;77;1;1;0;1;2;2;2;4;5;52;3;2;3;9
66;22;7;6;0;1;4;1;1;6;2;50;3;2;3;5
67;39;2;6;0;1;3;3;3;7;4;54;5;2;3;6
68;48;1;3;0;1;2;2;3;3;2;45;3;2;3;7
69;86;6;4;0;1;2;1;4;4;3;46;3;2;3;8
70;23;3;3;0;1;1;4;4;5;3;47;5;2;3;8
71;39;2;6;0;1;3;3;3;7;5;59;3;1;3;8
72;74;6;7;0;1;2;1;3;7;5;40;3;2;3;6
73;38;7;4;0;1;4;2;2;7;7;42;1;1;3;6
74;66;6;7;0;1;1;2;2;6;6;55;3;2;3;5
75;47;2;7;0;1;4;2;2;6;5;58;2;2;3;8
76;66;6;5;0;1;4;1;1;5;5;54;5;2;3;9
77;39;2;4;0;0;4;4;2;7;6;51;3;1;3;9
78;74;6;2;0;0;4;1;1;3;6;45;5;1;3;8
79;25;8;3;1;0;2;3;3;6;97;23;2;1;3;8
80;25;8;3;1;0;2;4;4;6;97;49;3;2;3;8
81;78;2;1;1;0;4;1;1;7;97;45;5;1;3;9
82;26;5;4;0;0;2;3;3;97;3;22;3;2;3;6
83;23;3;7;0;0;4;2;1;97;2;30;3;2;3;7
84;64;5;4;0;0;4;4;4;97;2;30;2;1;3;7
85;47;2;7;0;0;4;2;2;97;7;27;2;1;3;9
86;48;1;3;0;0;4;1;1;97;3;42;3;2;3;5
87;64;5;4;0;0;4;4;4;97;3;44;3;1;3;6
88;33;1;7;0;0;1;3;4;97;4;43;3;2;3;6
89;66;6;7;0;0;3;2;1;97;5;35;2;1;3;6
90;23;3;3;0;0;4;3;2;97;5;35;5;2;3;8
91;73;5;6;0;0;4;4;4;97;5;51;2;2;3;4
92;52;5;5;0;0;1;3;3;97;3;48;5;2;3;5
93;46;1;4;0;0;2;1;1;97;4;55;3;1;3;5
94;50;1;7;0;1;3;4;3;97;2;52;3;2;3;6
95;18;5;7;0;1;1;2;3;97;3;48;3;2;3;6
96;33;1;7;0;1;1;3;4;97;3;53;3;2;3;6
97;64;5;3;0;1;4;4;4;97;4;54;3;2;3;6
98;66;6;4;0;1;4;2;2;97;4;54;3;2;3;6
99;52;5;2;0;1;2;4;4;97;5;47;2;1;3;6
100;66;6;2;0;1;4;4;4;97;5;49;2;2;3;6
101;33;1;4;0;1;2;4;4;97;2;54;2;2;3;7
102;78;2;1;0;1;2;3;3;97;2;57;3;1;3;7
103;48;1;7;0;0;3;3;3;97;3;56;3;1;3;7
104;50;1;7;0;0;4;4;4;97;3;46;3;1;3;7
105;50;1;6;0;0;4;4;4;97;4;48;5;1;3;7
106;2;5;6;0;0;2;4;4;97;5;50;3;2;3;7
107;47;2;7;0;0;4;4;4;97;2;45;3;2;3;8
108;47;2;7;0;0;3;2;4;97;5;57;2;2;3;8
109;23;3;3;2;0;4;1;1;2;1;24;3;2;3;7
110;2;5;2;2;0;2;3;4;4;2;21;3;2;3;8
111;39;2;6;2;0;4;4;2;7;1;20;3;1;3;9
112;77;1;1;2;0;4;2;2;6;2;34;3;1;3;8
113;2;5;2;2;0;2;3;3;5;3;30;5;2;3;8
114;2;5;2;2;0;2;3;3;5;5;32;3;1;3;9
115;36;1;7;2;0;3;1;1;5;3;34;3;1;3;5
116;46;1;4;2;0;4;1;1;3;2;25;3;2;3;6
117;46;1;7;2;0;2;3;3;3;2;25;5;2;3;6
118;48;1;7;2;0;4;1;1;3;3;34;3;2;3;6
119;26;5;6;2;0;3;2;2;4;3;25;3;1;3;6
120;18;5;7;2;0;3;2;3;4;4;29;2;2;3;6
121;54;7;7;2;0;4;2;2;4;4;32;3;2;3;6
122;66;6;2;2;0;2;3;3;6;5;25;5;2;3;6
123;50;1;5;2;0;2;3;3;2;1;31;3;2;3;7
124;18;5;3;2;0;1;4;4;3;3;33;3;1;3;7
125;71;1;6;2;1;2;3;3;5;3;28;2;1;3;8
126;47;2;6;2;1;2;2;2;5;4;26;4;2;3;8
127;50;1;4;2;1;1;3;2;7;3;26;3;1;3;9
128;26;5;6;2;1;2;3;3;7;5;25;5;2;3;9
129;50;1;5;2;1;4;2;2;6;1;39;3;2;3;8
130;47;2;7;2;1;2;2;2;2;3;37;3;2;3;8
131;66;6;7;2;1;1;4;4;5;4;39;2;2;3;8
132;24;7;6;2;1;2;2;2;5;5;38;5;2;3;8
133;36;1;7;2;0;4;4;4;7;3;41;3;2;3;5
134;37;1;5;2;0;1;3;3;3;2;36;5;2;3;6
135;21;5;4;2;0;1;4;4;7;2;38;3;2;3;6
136;33;1;4;2;0;2;3;3;3;3;44;5;2;3;6
137;33;1;7;2;0;1;2;2;4;3;37;2;1;3;6
138;36;1;2;2;0;4;4;4;6;3;43;2;1;3;6
139;16;5;5;2;0;1;3;3;3;3;43;3;2;3;7
140;47;2;7;2;0;2;3;3;7;5;44;3;1;3;7
141;46;1;4;2;0;2;3;3;5;3;37;5;1;3;8
142;16;5;2;2;0;1;2;3;6;4;40;3;1;3;9
143;52;5;6;2;0;2;3;3;3;2;45;3;1;3;8
144;2;5;2;2;0;1;3;3;5;2;47;5;2;3;8
145;77;1;1;2;0;4;2;2;5;2;54;5;2;3;8
146;16;5;5;2;0;1;4;4;4;4;50;3;2;3;8
147;18;5;7;2;0;2;3;3;4;3;51;2;1;3;5
148;21;5;4;2;0;3;2;3;3;2;51;3;2;3;6
149;26;5;6;3;0;3;2;1;6;1;45;1;1;3;7
150;46;1;4;3;0;3;1;1;5;3;45;3;1;3;7
151;33;1;6;3;0;2;3;3;5;4;48;3;2;3;7
152;42;7;3;3;0;2;2;4;5;5;52;5;2;3;7
153;50;1;4;3;0;2;3;3;4;2;48;3;1;3;8
154;26;5;4;3;0;2;4;4;7;5;54;3;2;3;8
155;50;1;5;3;0;2;2;4;3;2;55;5;2;3;9
156;47;2;7;3;1;2;2;2;3;3;67;4;2;3;8
157;24;7;7;3;1;2;4;4;7;7;24;5;2;3;7
158;38;7;4;3;1;3;3;3;6;7;34;3;2;3;5
159;38;7;3;3;0;2;4;4;6;6;26;5;1;3;8
160;77;1;1;3;0;2;2;2;7;7;27;5;2;3;9
161;77;1;1;3;0;2;2;2;6;7;43;3;2;3;9
162;26;5;4;3;0;4;1;1;5;5;38;3;2;3;4
163;16;5;6;3;0;1;1;1;7;5;54;5;1;3;8
164;77;1;1;3;0;2;2;2;6;6;46;3;1;3;8
165;39;2;6;3;0;4;4;1;7;7;47;3;1;3;9
166;77;1;1;3;0;2;2;2;7;7;49;3;1;3;9
167;16;5;2;3;0;1;4;4;5;97;24;5;2;3;9
168;25;8;3;3;0;3;2;2;6;97;33;5;2;3;8
169;77;1;1;3;0;3;2;2;5;97;30;3;2;3;9
170;78;2;1;3;0;4;1;1;5;97;30;5;1;3;9
171;78;2;1;3;0;2;2;2;7;97;38;5;1;3;9
172;47;2;7;3;0;2;2;2;5;97;37;2;2;3;9
173;47;2;5;3;0;3;2;2;6;97;48;3;2;3;6
174;77;1;1;3;0;1;4;4;5;97;50;5;2;3;8
175;50;1;7;3;0;2;4;4;6;97;57;3;2;3;9
176;16;5;2;3;0;1;2;3;7;97;51;5;1;3;9
177;61;3;7;3;0;4;4;4;97;2;22;3;2;3;5
178;25;8;7;3;0;4;4;4;97;5;21;3;1;3;7
179;50;1;7;3;0;4;2;2;97;6;22;2;1;3;7
180;73;5;3;3;0;3;3;2;97;5;29;5;1;3;5
181;61;3;7;3;0;4;4;4;97;2;28;3;2;3;6
182;33;1;7;3;0;1;2;2;97;4;25;5;2;3;6
183;61;3;2;3;0;4;1;1;97;4;29;2;2;3;6
184;33;1;7;3;0;1;2;2;97;5;28;3;1;3;6
185;24;7;7;3;0;4;4;3;97;7;34;2;1;3;6
186;63;5;3;3;1;2;4;4;97;7;34;3;1;3;6
187;73;5;6;3;1;4;2;1;97;1;34;5;1;3;7
188;23;3;5;3;1;4;4;1;97;2;28;3;2;3;7
189;61;3;4;3;1;4;4;4;97;2;25;3;1;3;7
190;37;1;4;3;1;4;2;2;97;3;25;2;1;3;7
191;50;1;7;3;1;3;2;2;97;3;27;5;2;3;8
192;77;1;1;3;0;4;2;2;97;3;34;5;2;3;9
193;61;3;7;3;0;4;4;4;97;2;35;2;2;3;5
194;52;5;2;3;0;2;3;4;97;5;42;3;2;3;5
195;50;1;6;3;0;4;2;2;97;2;38;3;2;3;6
196;59;5;2;3;0;2;3;2;97;2;39;5;2;3;6
197;26;5;6;3;0;4;2;2;97;3;42;2;2;3;6
198;68;1;7;3;0;4;1;1;97;4;41;3;2;3;6
199;23;3;5;3;0;4;4;1;97;5;36;5;1;3;6
200;47;2;5;3;0;4;4;1;97;5;37;5;1;3;6
201;61;3;7;3;0;4;4;4;97;2;41;3;1;3;7
202;24;7;6;3;0;4;2;2;97;3;35;4;1;3;7
203;23;3;5;3;0;4;4;4;97;4;39;5;2;3;7
204;50;1;6;3;0;4;2;2;97;7;39;3;1;3;7
205;50;1;7;3;0;4;1;2;97;7;40;3;1;3;7
206;50;1;5;3;0;3;3;3;97;1;38;5;1;3;8
207;77;1;1;3;0;3;1;2;97;4;37;5;2;3;8
208;39;2;6;3;0;4;4;4;97;6;42;5;2;3;8
209;63;5;2;3;0;4;2;2;97;6;44;3;2;3;8
210;37;1;6;3;0;4;3;2;97;3;46;3;2;3;4
211;52;5;2;3;0;4;1;4;97;3;50;3;2;3;5
212;61;3;7;3;0;4;4;4;97;2;56;3;1;3;6
213;50;1;5;3;0;4;4;4;97;2;56;2;1;3;7
214;61;3;7;3;0;4;4;4;97;2;45;3;1;3;7
215;61;3;2;3;0;4;4;1;97;2;51;2;1;3;7
216;16;5;5;3;0;2;3;3;97;3;49;5;1;3;7
217;33;1;7;3;0;1;2;3;97;3;55;3;2;3;7
218;71;1;6;3;0;3;3;3;97;3;52;2;1;3;7
219;71;1;4;3;0;4;4;4;97;4;53;3;2;3;7
220;50;1;6;3;0;3;4;4;97;4;52;5;2;3;8
221;77;1;1;3;0;4;2;4;97;3;55;5;2;3;9
222;25;8;7;3;0;4;4;4;97;7;50;5;2;3;9
223;73;5;3;3;0;1;4;4;97;5;61;2;1;3;7
224;24;7;7;3;0;1;4;4;97;7;61;3;2;3;9
225;66;6;4;0;2;2;4;4;3;3;24;3;1;3;8
226;2;5;2;0;2;4;4;4;5;5;24;3;1;3;8
227;59;5;2;0;2;4;4;4;5;5;34;5;2;3;5
228;72;6;3;0;2;4;4;4;6;3;32;5;2;3;6
229;46;1;4;0;2;3;2;2;2;2;25;3;1;3;7
230;78;2;1;0;3;2;1;1;4;3;28;5;2;3;8
231;24;7;2;0;3;2;1;4;4;4;25;5;1;3;9
232;92;3;4;0;3;1;3;3;7;2;35;5;1;3;8
233;54;7;7;0;3;2;4;4;6;1;45;3;1;3;8
234;46;1;7;0;3;2;3;3;4;2;45;3;1;3;8
235;16;5;5;0;3;1;4;4;4;4;47;3;1;3;7
236;37;1;4;0;3;1;3;4;3;2;50;5;1;3;8
237;24;7;6;0;2;2;1;2;7;4;25;3;1;3;8
238;24;7;6;0;2;4;1;1;7;4;32;3;2;3;5
239;45;5;6;0;2;4;2;2;6;6;25;5;1;3;5
240;38;7;4;0;2;4;2;2;7;5;26;3;1;3;6
241;77;1;1;0;2;3;2;2;6;3;34;3;1;3;8
242;59;5;2;0;2;4;1;1;7;5;31;4;1;3;8
243;39;2;6;0;2;4;4;4;7;7;26;3;2;3;8
244;18;5;7;0;2;3;2;2;6;5;37;3;1;3;5
245;48;1;7;0;2;4;2;2;6;4;38;3;1;3;6
246;77;1;1;0;2;2;2;2;7;7;42;5;2;3;8
247;77;1;1;0;2;2;2;2;7;7;42;3;1;3;9
248;24;7;2;0;3;2;2;2;7;7;53;2;1;3;9
249;47;2;6;0;3;1;2;2;7;7;50;5;2;3;9
250;77;1;1;0;3;2;2;2;6;7;52;3;1;3;9
251;56;5;7;0;3;2;3;2;4;7;24;3;1;3;8
252;74;6;2;0;3;4;1;1;2;5;30;4;1;3;6
253;86;6;4;0;3;3;1;1;3;5;31;5;1;3;6
254;74;6;2;0;3;4;2;1;2;7;35;4;1;3;6
255;78;2;1;1;2;4;1;1;7;97;22;5;1;3;9
256;78;2;1;1;2;4;1;1;7;97;30;5;2;3;9
257;23;3;7;1;2;2;4;4;6;97;25;3;1;3;6
258;78;2;1;1;2;1;4;4;6;97;30;3;1;3;6
259;25;8;3;1;2;3;2;2;5;97;34;3;1;3;8
260;16;5;5;1;2;1;4;4;6;97;37;3;1;3;8
261;76;1;3;1;2;2;3;3;6;97;52;2;1;3;8
262;42;7;6;1;2;2;3;3;7;97;45;5;1;3;8
263;38;7;4;0;2;4;2;2;97;5;23;2;1;3;6
264;37;1;5;0;2;1;2;4;97;3;25;2;1;3;5
265;42;7;6;0;3;2;3;3;97;6;25;3;1;3;6
266;50;1;5;0;3;3;3;3;97;2;34;3;1;3;7
267;45;5;4;0;3;4;4;4;97;3;31;2;1;3;7
268;16;5;5;0;3;2;3;4;97;5;31;3;1;3;8
269;50;1;6;0;3;4;4;4;97;2;28;5;1;3;9
270;47;2;6;0;3;4;2;2;97;5;28;2;1;3;9
271;55;7;2;0;3;4;1;1;97;2;36;5;1;3;6
272;76;1;3;0;2;2;3;3;97;7;42;2;1;3;6
273;50;1;4;0;2;3;3;3;97;2;41;5;1;3;7
274;61;3;2;0;2;2;4;4;97;3;43;5;1;3;7
275;78;2;1;0;2;4;4;4;97;2;37;3;1;3;8
276;45;5;4;0;2;4;4;4;97;3;54;3;2;3;5
277;74;6;6;0;2;1;1;4;97;3;55;3;2;3;5
278;2;5;7;0;2;4;4;4;97;2;48;5;2;3;6
279;21;5;7;0;2;2;3;3;97;2;45;2;1;3;6
280;55;7;7;0;2;4;4;2;97;2;47;3;2;3;6
281;55;7;7;0;2;4;4;2;97;2;46;3;1;3;6
282;66;6;7;0;2;4;4;4;97;3;50;2;1;3;7
283;33;1;4;0;3;4;4;4;97;5;50;2;1;3;7
284;2;5;7;0;3;4;4;2;97;2;46;2;1;3;8
285;50;1;5;0;3;3;3;3;97;2;45;5;2;3;8
286;73;5;3;0;3;1;4;4;97;5;53;2;1;3;8
287;77;1;1;2;3;3;1;2;5;2;21;5;2;3;8
288;30;3;6;2;3;2;2;2;7;2;24;3;2;3;8
289;68;1;4;2;3;2;2;3;3;3;23;5;2;3;8
290;66;6;4;2;2;2;4;4;5;3;21;4;2;3;6
291;21;5;4;2;2;2;2;2;5;3;24;3;2;3;7
292;50;1;5;2;2;3;2;2;5;2;28;2;1;3;8
293;21;5;4;2;2;3;2;2;3;3;31;5;1;3;8
294;73;5;6;2;2;4;2;2;4;2;30;5;2;3;5
295;23;3;5;2;2;2;3;3;4;1;25;5;1;3;6
296;61;3;2;2;2;2;2;3;4;2;25;2;1;3;6
297;37;1;6;2;2;3;3;3;3;3;33;3;2;3;6
298;52;5;5;2;2;2;3;3;4;3;25;4;1;3;6
299;24;7;2;2;2;2;3;3;6;4;25;3;2;3;6
300;16;5;5;2;2;2;3;3;3;3;27;3;1;3;7
301;37;1;4;2;2;2;2;2;5;5;25;4;2;3;7
302;50;1;5;2;2;2;2;3;2;1;26;5;1;3;8
303;21;5;4;2;2;2;3;3;5;4;25;3;2;3;8
304;52;5;2;2;2;2;2;2;5;5;29;3;1;3;8
305;50;1;4;2;3;2;2;3;4;2;33;4;2;3;9
306;50;1;5;2;3;2;2;2;5;3;29;5;1;3;9
307;23;3;3;2;3;1;3;3;6;4;31;5;2;3;9
308;50;1;5;2;3;3;2;2;4;1;43;3;2;3;8
309;52;5;6;2;3;2;3;3;4;2;35;3;1;3;8
310;24;7;2;2;3;4;4;4;5;2;37;5;2;3;8
311;50;1;5;2;2;1;1;3;4;3;36;4;2;3;8
312;74;6;3;2;2;1;4;4;3;3;43;3;1;3;6
313;33;1;4;2;2;1;3;3;5;5;35;5;1;3;6
314;72;6;3;2;2;2;2;2;5;3;37;5;2;3;7
315;50;1;5;2;2;2;2;3;2;1;40;3;1;3;8
316;50;1;5;2;2;2;2;2;3;2;35;3;1;3;8
317;50;1;5;2;2;2;2;3;4;2;35;3;2;3;8
318;77;1;1;2;2;2;3;3;6;2;39;3;1;3;8
319;33;1;4;2;2;1;3;3;7;5;35;3;2;3;8
320;68;1;7;2;2;3;1;1;5;2;39;3;1;3;9
321;50;1;5;2;2;3;2;2;4;2;55;2;2;3;8
322;66;6;5;2;3;4;1;4;4;4;52;3;1;3;8
323;61;3;4;2;3;4;2;2;3;3;45;3;2;3;6
324;77;1;1;3;3;2;4;4;5;2;53;2;1;3;7
325;68;1;7;3;3;2;2;2;4;4;45;3;1;3;7
326;50;1;5;3;3;1;1;3;3;2;49;3;1;3;8
327;50;1;5;3;3;1;3;3;4;2;54;5;2;3;8
328;74;6;7;3;3;3;4;4;5;5;48;2;2;3;8
329;77;1;1;3;3;2;3;3;6;3;50;3;1;3;9
330;92;3;4;3;2;4;2;2;7;5;28;5;2;3;8
331;66;6;2;3;2;1;1;1;7;6;31;3;1;3;8
332;50;1;7;3;2;1;4;4;4;7;27;5;1;3;9
333;16;5;3;3;2;4;1;1;7;7;30;5;2;3;9
334;54;7;2;3;2;2;4;4;7;7;31;5;1;3;9
335;16;5;6;3;2;1;1;1;5;5;38;5;2;3;8
336;71;1;4;3;2;3;2;2;7;7;38;5;1;3;9
337;16;5;5;3;2;3;1;1;7;4;35;5;2;3;6
338;33;1;4;3;2;3;2;2;7;5;38;5;1;3;9
339;77;1;1;3;2;2;4;4;7;7;41;5;2;3;9
340;2;5;6;3;2;2;1;2;4;7;33;4;1;3;8
341;74;6;2;3;2;3;3;2;2;5;45;3;2;3;7
342;78;2;1;3;2;4;1;1;6;97;25;5;1;3;9
343;78;2;1;3;2;4;1;1;6;97;25;5;2;3;9
344;77;1;1;3;2;4;2;2;5;97;32;2;1;3;8
345;78;2;1;3;2;1;4;4;7;97;27;5;1;3;9
346;78;2;1;3;2;2;1;1;7;97;35;5;1;3;9
347;77;1;1;3;2;1;3;3;6;97;41;3;1;3;8
348;59;5;2;3;2;3;3;3;97;1;22;5;2;3;5
349;61;3;2;3;2;2;3;3;97;3;21;2;1;3;7
350;52;5;5;3;2;2;3;3;97;2;25;3;2;3;5
351;34;3;4;3;2;2;2;3;97;4;26;5;1;3;7
352;66;6;5;3;2;4;4;2;97;4;32;2;2;3;7
353;77;1;1;3;2;4;2;2;97;3;34;3;1;3;8
354;77;1;1;3;2;2;3;3;97;3;30;2;2;3;8
355;68;1;7;3;2;3;2;2;97;3;29;5;1;3;9
356;26;5;4;3;2;3;2;2;97;5;26;5;1;3;9
357;37;1;6;3;2;4;4;2;97;3;35;2;1;3;4
358;42;7;3;3;2;2;2;2;97;1;40;3;1;3;6
359;52;5;5;3;2;2;3;3;97;2;35;3;2;3;6
360;34;3;4;3;2;1;2;4;97;4;35;4;1;3;6
361;66;6;2;3;2;4;4;4;97;5;38;5;2;3;6
362;66;6;5;3;2;4;2;2;97;3;40;2;1;3;7
363;25;8;6;3;2;4;4;4;97;7;35;5;1;3;7
364;26;5;6;3;2;1;4;4;97;7;36;5;1;3;7
365;77;1;1;3;2;4;2;2;97;3;35;5;1;3;9
366;47;2;5;3;2;4;1;1;97;7;41;5;2;3;9
367;74;6;6;3;3;3;1;4;97;4;47;3;1;3;4
368;33;1;6;3;3;3;2;3;97;5;45;3;1;3;6
369;72;6;3;3;3;2;3;3;97;3;47;3;2;3;7
370;24;7;2;3;3;4;4;4;97;2;56;3;1;3;8
371;50;1;5;3;3;4;4;4;97;2;51;4;1;3;8
372;77;1;1;3;3;3;2;2;97;2;53;2;1;3;8
373;77;1;1;3;3;1;4;4;97;3;45;5;2;3;8
374;77;1;1;3;3;1;3;3;97;3;46;3;1;3;8
375;74;6;7;3;3;3;2;2;97;7;46;4;1;3;9
376;77;1;1;0;1;2;2;2;5;5;59;3;2;1;8
377;36;1;7;0;1;4;4;4;6;2;59;3;2;1;6
378;16;5;5;0;1;1;3;3;3;3;56;2;2;1;7
379;16;5;6;0;1;3;3;1;3;3;60;3;2;1;8
380;18;5;7;0;1;3;2;2;5;1;63;3;1;1;5
381;18;5;7;0;1;3;3;3;6;4;72;3;2;1;6
382;66;6;5;1;1;2;4;4;7;5;60;2;2;1;6
383;36;1;2;1;1;4;4;4;5;2;61;5;1;1;8
384;37;1;4;1;1;4;4;4;5;3;63;3;1;1;9
385;16;5;6;0;1;1;1;1;7;5;54;3;2;1;8
386;92;3;4;0;1;2;3;3;7;7;56;3;1;1;9
387;37;1;4;0;0;2;2;2;7;6;54;3;2;1;9
388;16;5;6;0;0;3;3;1;6;7;63;3;2;1;8
389;50;1;4;0;0;4;2;4;97;1;55;3;2;1;6
390;64;5;3;0;0;4;4;3;97;4;55;5;2;1;8
391;66;6;2;0;0;4;4;4;97;3;64;3;1;1;4
392;61;3;4;2;0;4;4;4;6;2;52;5;1;1;5
393;21;5;4;3;0;2;2;3;4;3;57;3;2;1;8
394;50;1;5;3;0;2;2;2;4;3;59;3;2;1;8
395;38;7;3;3;1;1;4;4;4;1;75;3;2;1;7
396;36;1;7;3;0;4;4;4;6;6;60;3;1;1;6
397;66;6;5;3;0;4;4;4;7;7;60;3;1;1;8
398;37;1;5;3;0;2;4;4;97;2;58;2;2;1;5
399;61;3;2;3;0;4;4;4;97;2;56;3;2;1;7
400;33;1;6;3;0;3;3;3;97;3;68;3;2;1;4
401;46;1;4;3;0;4;4;4;97;3;62;3;2;1;5
402;76;1;6;3;0;4;4;4;97;3;70;3;1;1;5
403;68;1;7;3;0;3;3;3;97;4;61;3;2;1;5
404;30;3;6;3;0;4;2;4;97;5;60;5;2;1;5
405;59;5;6;3;0;1;4;4;97;1;60;5;2;1;6
406;22;7;7;3;1;4;4;4;97;2;64;5;2;1;6
407;33;1;4;3;1;2;4;4;97;2;63;2;2;1;6
408;47;2;7;3;1;4;4;4;97;2;67;2;2;1;6
409;61;3;2;3;1;4;4;4;97;2;63;2;2;1;6
410;61;3;2;3;1;4;4;4;97;2;60;5;1;1;6
411;52;5;2;3;1;1;4;4;97;3;62;3;2;1;6
412;46;1;7;3;0;4;1;4;97;6;60;3;1;1;6
413;22;7;6;3;0;1;3;3;97;7;61;3;2;1;6
414;50;1;5;3;0;4;4;4;97;2;62;5;2;1;7
415;50;1;5;3;0;3;3;3;97;2;75;2;2;1;7
416;2;5;4;3;0;4;4;4;97;3;74;1;1;1;7
417;48;1;3;3;0;4;4;4;97;3;67;3;2;1;7
418;50;1;5;3;0;3;3;3;97;3;67;2;2;1;7
419;68;1;7;3;0;3;3;3;97;3;60;3;2;1;7
420;61;3;2;3;0;4;4;4;97;4;63;5;2;1;8
421;55;7;2;1;2;4;1;4;7;97;59;3;2;1;6
422;38;7;3;1;2;1;4;4;7;97;48;3;1;1;8
423;64;5;3;0;2;4;4;4;97;6;54;3;1;1;6
424;2;5;7;1;3;4;4;4;97;2;73;3;2;1;5
425;74;6;6;2;3;2;3;3;7;4;54;2;2;1;6
426;50;1;5;3;3;2;2;3;4;3;57;3;2;1;8
427;74;6;3;3;2;1;1;1;5;4;57;5;2;1;4
428;78;2;1;3;3;2;3;3;97;2;63;2;2;1;5
429;66;6;2;3;2;2;4;3;97;3;69;5;2;1;6
430;25;8;6;3;2;4;4;4;97;7;64;3;2;1;6
431;78;2;1;3;2;2;3;3;97;3;61;3;1;1;7
432;16;5;3;0;0;3;2;3;3;2;18;2;2;5;6
433;36;1;2;0;1;4;4;4;4;5;18;2;2;5;6
434;77;1;1;2;0;3;2;2;3;2;21;2;2;5;9
435;78;2;1;3;1;4;1;1;7;7;21;4;1;5;7
436;77;1;1;3;0;2;3;3;4;97;20;2;2;5;8
437;24;7;2;0;2;2;4;2;6;3;19;3;2;5;4
438;77;1;1;0;2;4;1;1;4;2;18;2;1;5;8
439;16;5;2;0;2;1;2;2;6;3;20;4;1;5;9
440;54;7;2;1;3;2;2;2;7;7;19;2;2;5;8
441;38;7;4;1;2;4;1;1;7;5;23;4;2;5;6
442;77;1;1;0;2;1;2;2;7;5;19;3;1;5;8
443;16;5;3;0;2;4;1;2;7;5;23;4;2;5;9
444;74;6;2;0;3;3;2;2;2;5;19;5;1;5;8
445;52;5;2;0;2;4;1;2;97;5;19;2;1;5;6
446;77;1;1;2;2;4;1;1;4;3;19;2;2;5;8
447;38;7;6;2;2;1;3;3;7;5;22;3;2;5;8
448;77;1;1;2;2;4;1;1;4;3;19;2;1;5;9
449;52;5;6;2;2;2;3;3;3;2;25;4;2;5;8
450;78;2;1;3;2;1;4;4;7;97;19;3;2;5;9
451;66;6;2;3;2;2;4;4;6;97;18;2;1;5;5
452;24;7;6;3;2;4;2;2;7;97;18;2;2;5;6
453;16;5;2;3;2;2;3;3;6;97;20;4;2;5;8
454;61;3;4;3;2;4;1;1;97;2;18;2;2;5;6
455;26;5;6;3;2;2;3;3;97;5;18;4;1;5;7
456;68;1;4;0;1;2;2;2;4;2;25;4;1;6;8
457;36;1;2;0;1;4;1;4;7;5;49;5;1;6;8
458;33;1;4;0;0;3;2;2;97;3;34;3;2;6;8
459;24;7;2;2;0;4;4;3;5;2;19;3;1;6;8
460;26;5;4;2;0;3;2;2;7;2;26;3;2;6;5
461;16;5;6;2;0;2;2;2;3;3;31;5;1;6;8
462;24;7;7;3;0;1;4;4;7;7;45;4;2;6;6
463;23;3;5;3;0;4;1;2;97;2;21;3;2;6;6
464;48;1;7;3;0;2;1;4;97;2;35;3;2;6;5
465;48;1;7;3;0;4;4;1;97;3;36;5;2;6;5
466;37;1;5;0;2;1;2;2;5;3;25;5;2;6;8
467;74;6;2;0;2;3;2;2;2;7;35;3;2;6;7
468;22;7;7;0;3;4;4;4;97;5;43;3;2;6;5
469;78;2;1;0;2;4;4;4;97;2;45;3;1;6;6
470;2;5;7;0;2;4;4;4;97;3;47;2;1;6;6
471;34;3;2;3;2;2;2;3;97;3;22;4;1;6;6
472;86;6;4;3;2;2;2;3;97;3;35;3;1;6;6
473;24;7;6;3;2;1;2;2;97;7;35;5;1;6;8
474;52;5;2;0;1;3;2;2;2;1;18;2;2;7;5
475;25;8;7;0;0;4;2;4;97;5;22;2;2;7;6
476;52;5;2;0;0;1;4;2;97;5;29;5;2;7;6
477;42;7;3;2;0;2;2;2;3;3;29;5;2;7;7
478;58;5;6;2;0;2;4;2;5;4;35;3;2;7;4
479;16;5;3;2;0;1;3;3;4;2;38;2;2;7;7
480;26;5;6;3;1;3;1;1;6;5;19;3;2;7;6
481;26;5;4;3;0;3;1;1;6;5;27;5;2;7;6
482;61;3;4;3;0;3;2;2;7;7;29;5;2;7;6
483;16;5;2;3;0;1;2;4;7;97;54;3;2;7;8
484;78;2;1;3;1;4;1;1;97;4;31;5;2;7;8
485;61;3;2;3;0;4;1;1;97;4;37;3;2;7;5
486;50;1;5;3;0;3;3;3;97;2;43;5;2;7;7
487;38;7;4;0;3;4;2;2;3;3;49;3;2;7;7
488;54;7;2;0;2;2;2;2;6;4;28;5;2;7;8
489;72;6;6;1;2;4;4;4;6;97;47;5;2;7;9
490;66;6;2;0;3;2;2;2;97;4;27;5;2;7;5
491;38;7;3;0;3;4;1;4;97;7;29;5;2;7;8
492;66;6;2;2;2;2;2;2;6;5;24;3;2;7;8
493;54;7;2;2;2;1;3;3;7;5;32;5;2;7;8
494;64;5;3;3;2;3;2;2;97;6;24;2;2;7;6
495;64;5;3;3;2;3;4;3;97;5;30;2;2;7;6
496;66;6;5;3;0;1;4;4;7;7;25;3;1;99;7
497;25;8;7;3;0;4;4;4;97;2;35;2;2;99;5
498;74;6;3;0;2;4;4;4;97;3;49;3;1;99;6
499;74;6;3;2;2;1;2;2;5;5;33;2;1;99;8
500;78;2;1;3;3;2;2;4;97;3;54;3;2;99;7
