date,value
2020-01-01,11.282500786656778
2020-01-02,11.205090459438754
2020-01-03,9.654805769206737
2020-01-04,8.488254247456242
2020-01-05,10.659760882546726
2020-01-06,10.119679087271265
2020-01-07,8.836964773573696
2020-01-08,8.242686259503808
2020-01-09,
2020-01-10,
2020-01-11,9.132136838250885
2020-01-12,8.661381986854156
2020-01-13,8.126890421594771
2020-01-14,10.515155200861786
2020-01-15,8.10304637154803
2020-01-16,14.150747274094238
2020-01-17,8.802527902599493
2020-01-18,4.724423327805191
2020-01-19,9.463432424045704
2020-01-20,9.323810571123149
2020-01-21,11.636610310176847
2020-01-22,9.929931966586892
2020-01-23,7.623743747152139
2020-01-24,8.653611741411323
2020-01-25,9.813482425974847
2020-01-26,4.758747872774208
2020-01-27,11.692260310099744
2020-01-28,7.276846193583242
2020-01-29,11.694793857236613
2020-01-30,9.564531129262058
2020-01-31,
2020-02-01,10.908457030892489
2020-02-02,9.66703931639809
2020-02-03,9.77518780618273
2020-02-04,8.006724837462937
2020-02-05,8.983567420519734
2020-02-06,6.965465305138694
2020-02-07,7.352457419152281
2020-02-08,11.865106185459291
2020-02-09,6.213413866669786
2020-02-10,8.030200098264205
2020-02-11,7.837980660038701
2020-02-12,6.87675506848409
2020-02-13,8.412065413171941
2020-02-14,8.445519433168421
2020-02-15,5.295095494134452
2020-02-16,7.227988164784675
2020-02-17,4.7369992048850085
2020-02-18,8.353245127101491
2020-02-19,7.0015286003681165
2020-02-20,6.683649732221302
2020-02-21,7.70555691826008
2020-02-22,5.7030851489156635
2020-02-23,7.946907931123652
2020-02-24,4.084919398546893
2020-02-25,8.666734774072742
2020-02-26,4.600600561808162
2020-02-27,2.1678162311792732
2020-02-28,4.75920838963435
2020-02-29,4.386840691915304
2020-03-01,4.451566148984164
2020-03-02,5.4384289200397715
2020-03-03,7.020762139388732
2020-03-04,4.290180343785749
2020-03-05,3.137486899685242
2020-03-06,2.113418694993047
2020-03-07,3.274643125342805
2020-03-08,0.27860760509926985
2020-03-09,2.446038308275158
2020-03-10,6.225304939629064
2020-03-11,1.9302639791744116
2020-03-12,4.673139413279165
2020-03-13,0.8004566675028264
2020-03-14,6.632361742370583
2020-03-15,6.601216822462906
2020-03-16,3.9430128440944436
2020-03-17,6.577623173985041
2020-03-18,3.1400831708146857
2020-03-19,3.7981910833819956
2020-03-20,4.617014213093556
2020-03-21,2.283952725905201
2020-03-22,-1.3494400189558424
2020-03-23,3.163520561500146
2020-03-24,0.4716837633035056
2020-03-25,0.44973299695697433
2020-03-26,1.6696032995990133
2020-03-27,2.035077859745151
2020-03-28,1.0312205669932168
2020-03-29,1.8306289733206507
2020-03-30,-1.0264914591986454
2020-03-31,0.12975338491565847
2020-04-01,1.7412062838641829
2020-04-02,3.4164793921233465
2020-04-03,3.951668129477337
2020-04-04,0.39273948223114724
2020-04-05,1.0349351589980555
2020-04-06,3.1463943763261564
2020-04-07,-2.3298734607956986
2020-04-08,0.10005370947016301
2020-04-09,0.2065388336303362
2020-04-10,1.395168888706966
2020-04-11,-3.9447990160936364
2020-04-12,-3.7187950841778292
2020-04-13,-1.966141129096938
2020-04-14,-1.4217769793220438
2020-04-15,-0.09918598823647828
2020-04-16,-1.4768130872236507
2020-04-17,-2.9809695118423045
2020-04-18,-2.010668983297752
2020-04-19,-2.40610912380777
2020-04-20,0.3181199740845204
2020-04-21,-3.0033699020448026
2020-04-22,-4.262641379617411
2020-04-23,-2.75800717482903
2020-04-24,-3.4199215639895235
2020-04-25,-7.117414854174899
2020-04-26,-4.164090201073379
2020-04-27,-4.490395869936846
2020-04-28,-5.531525512604764
2020-04-29,-2.5261608192750944
2020-04-30,-6.320869913894491
2020-05-01,-3.9890494252415145
2020-05-02,-5.345324546902664
2020-05-03,
2020-05-04,
2020-05-05,-8.10357835062919
2020-05-06,-5.248185459279619
2020-05-07,-1.1950211860908588
2020-05-08,-9.026141140393229
2020-05-09,-6.165776623919497
2020-05-10,-3.94023538297739
2020-05-11,-5.717795615966292
2020-05-12,-5.077547228063434
2020-05-13,-11.33534786916572
2020-05-14,-5.516100826415412
2020-05-15,-8.3625706287133
2020-05-16,-6.344007686802429
2020-05-17,-7.145136244463577
2020-05-18,-2.650005437215343
2020-05-19,-6.231550068604035
2020-05-20,-7.666287057239176
2020-05-21,-10.57431865923391
2020-05-22,-7.424294389301799
2020-05-23,-6.129513713042622
2020-05-24,-8.044154341943695
2020-05-25,-8.999106448738528
2020-05-26,-9.23534327144211
2020-05-27,-7.119865995770154
2020-05-28,-6.768924993126721
2020-05-29,-5.660376821535506
2020-05-30,-10.465409015349024
2020-05-31,-7.513554842174801
2020-06-01,-8.896480452467797
2020-06-02,-8.922539445377367
2020-06-03,-8.01682854149053
2020-06-04,-8.08496325709687
2020-06-05,-7.919897723759189
2020-06-06,-11.166874283305592
2020-06-07,-10.62337039404019
2020-06-08,-6.221123146150736
2020-06-09,-9.700392706900175
2020-06-10,-8.710863335709341
2020-06-11,-7.274441293322271
2020-06-12,-8.514988943620356
2020-06-13,-8.404133165970235
2020-06-14,-7.760512190065039
2020-06-15,-13.832654418391446
2020-06-16,-10.626042067233502
2020-06-17,-8.752886664244878
2020-06-18,-6.955894758217305
2020-06-19,-9.63719380846027
2020-06-20,-11.49412452712851
2020-06-21,-11.473265036957104
2020-06-22,-8.09885692201042
2020-06-23,-10.328689204487436
2020-06-24,-9.931173290573575
2020-06-25,-8.707405416817142
2020-06-26,-15.75826108953191
2020-06-27,-5.969276676233988
2020-06-28,-11.444003014820709
2020-06-29,-9.506868412075157
2020-06-30,-13.406060512097655
2020-07-01,-10.844711811972731
2020-07-02,-7.510253498432462
2020-07-03,-13.82900084443687
2020-07-04,-7.738340976644018
2020-07-05,-10.529247537183354
2020-07-06,-8.995682818809767
2020-07-07,-8.64016489717453
2020-07-08,-9.054622805379932
2020-07-09,-11.646674502254555
2020-07-10,-10.62224033277371
2020-07-11,-12.789691683418202
2020-07-12,-8.85350027455994
2020-07-13,-6.400581295584471
2020-07-14,-13.41826670112474
2020-07-15,-11.25447518460869
2020-07-16,-10.05364880900993
2020-07-17,-9.299458909485327
2020-07-18,-7.840974293728592
2020-07-19,-9.854067509267887
2020-07-20,-10.12909588080562
2020-07-21,-7.235613676202513
2020-07-22,-8.059782783282033
2020-07-23,-8.24493618034294
2020-07-24,-9.03421634876227
2020-07-25,-7.226555275346387
2020-07-26,-10.436366362167808
2020-07-27,-10.637320463286134
2020-07-28,-7.48523196160369
2020-07-29,-12.150347702840586
2020-07-30,-8.636121230285564
2020-07-31,-9.371187740635833
2020-08-01,-11.464582004937975
2020-08-02,-10.42804511844257
2020-08-03,-8.693361413519009
2020-08-04,-6.314870539179699
2020-08-05,-9.593616854260663
2020-08-06,-5.763386066870815
2020-08-07,-7.963811488636444
2020-08-08,-5.367024324523712
2020-08-09,-9.092033775865353
2020-08-10,-7.873590645947007
2020-08-11,-6.929620986327603
2020-08-12,-7.913954066209828
2020-08-13,-5.534991104423135
2020-08-14,-11.740068166716323
2020-08-15,-2.361860417958738
2020-08-16,-5.370717568654277
2020-08-17,-7.310825914038757
2020-08-18,-7.9438375634008
2020-08-19,-8.445440798572427
2020-08-20,-5.292784898641016
2020-08-21,-4.463517794710798
2020-08-22,-6.646086368133289
2020-08-23,-3.9727332066680354
2020-08-24,-7.865080790010739
2020-08-25,-8.080236148609455
2020-08-26,-2.1462337550261807
2020-08-27,-4.449290015672103
2020-08-28,-2.694733179220544
2020-08-29,-7.051604999585178
2020-08-30,-7.044488905092617
2020-08-31,-5.766829186130294
2020-09-01,-6.548404347368618
2020-09-02,-3.338780300213608
2020-09-03,-6.099579508373937
2020-09-04,-6.787121497180715
2020-09-05,-4.004888554614377
2020-09-06,-6.7127584294794715
2020-09-07,-7.574356005776345
2020-09-08,-3.5503777349440395
2020-09-09,-7.155665320993112
2020-09-10,-1.945915759921446
2020-09-11,-6.125355241687464
2020-09-12,-7.653260458730564
2020-09-13,-3.595791376638269
2020-09-14,-2.554402866217068
2020-09-15,-1.695192924257868
2020-09-16,-2.1678692408164895
2020-09-17,-4.46353913793959
2020-09-18,-0.751109942112115
2020-09-19,-0.08862853834686102
2020-09-20,-4.2515077734878854
2020-09-21,-2.032528532340423
2020-09-22,-2.0494340376645743
2020-09-23,-0.8893838997658966
2020-09-24,-1.569193579503225
2020-09-25,-1.1239569314746753
2020-09-26,0.4668671071791527
2020-09-27,-2.8727906936954386
2020-09-28,1.0015323872973245
2020-09-29,1.9810624145934177
2020-09-30,3.1391670262276388
2020-10-01,-4.243699265312281
2020-10-02,-0.15064233986822329
2020-10-03,-3.542978339785439
2020-10-04,-4.310957478539618
2020-10-05,1.0191373941957251
2020-10-06,0.10421251460968306
2020-10-07,1.6735153701831142
2020-10-08,2.217048019042518
2020-10-09,3.9111948683862705
2020-10-10,1.6934347016428979
2020-10-11,7.602026138852453
2020-10-12,2.5373355296787157
2020-10-13,5.778104548764902
2020-10-14,-2.4045187459656168
2020-10-15,5.127976280060599
2020-10-16,2.233596991106873
2020-10-17,-1.1357247878798642
2020-10-18,3.7670935747897185
2020-10-19,2.484258867780837
2020-10-20,4.413527344016079
2020-10-21,5.437860606780708
2020-10-22,0.5986821548080536
2020-10-23,5.767035112814998
2020-10-24,3.9092634637493098
2020-10-25,6.75993963298651
2020-10-26,3.8007122499651547
2020-10-27,3.4256945344977874
2020-10-28,4.574830120700939
2020-10-29,4.877313584339726
2020-10-30,3.4995078146287053
2020-10-31,3.982523427161235
2020-11-01,2.669963052256649
2020-11-02,4.401486906843327
2020-11-03,6.768898326554969
2020-11-04,5.28546601875815
2020-11-05,7.7205535190125225
2020-11-06,5.4721228009775285
2020-11-07,3.1187731486125294
2020-11-08,7.313413787800407
2020-11-09,4.906859447785651
2020-11-10,5.920759642988198
2020-11-11,8.994134053755351
2020-11-12,4.326813060199831
2020-11-13,7.105635465395657
2020-11-14,6.8206971823581295
2020-11-15,8.427126172565773
2020-11-16,8.857040591393648
2020-11-17,7.793753256183435
2020-11-18,6.662514246870263
2020-11-19,8.4450090200976
2020-11-20,10.282354380896866
2020-11-21,7.6669859657122394
2020-11-22,7.29528880792457
2020-11-23,8.712056604857453
2020-11-24,8.116733659067432
2020-11-25,5.465042087246577
2020-11-26,8.717891658370503
2020-11-27,5.642032900858165
2020-11-28,9.178376666364716
2020-11-29,6.926489762199954
2020-11-30,8.683359767262633
2020-12-01,9.477081705864583
2020-12-02,13.68740753889602
2020-12-03,10.346206138915226
2020-12-04,11.668783584677236
2020-12-05,12.758512478706686
2020-12-06,10.066688207393916
2020-12-07,9.730022483207266
2020-12-08,7.092953270752442
2020-12-09,9.05815424923095
2020-12-10,7.907504033859755
2020-12-11,8.611055474879699
2020-12-12,13.211204283145687
2020-12-13,9.753018775703952
2020-12-14,7.823052728118172
2020-12-15,12.372157683924094
2020-12-16,11.579029088527673
2020-12-17,11.726307504030295
2020-12-18,5.738384916367157
2020-12-19,13.684742715112122
2020-12-20,8.70422657449223
2020-12-21,11.408110613146118
2020-12-22,14.927826237871038
2020-12-23,14.215990017703463
2020-12-24,7.972362973632027
2020-12-25,7.057673525110665
2020-12-26,12.823674947041933
2020-12-27,10.260414676253857
2020-12-28,8.984905280280598
2020-12-29,11.236511101275141
2020-12-30,9.67275923717228
2020-12-31,11.402648274097487
2021-01-01,15.133963615637466
2021-01-02,16.443294248747495
2021-01-03,13.20500862912427
2021-01-04,17.835592189150027
2021-01-05,16.371549794530733
2021-01-06,16.255576488153224
2021-01-07,12.711368345091223
2021-01-08,18.326752057865896
2021-01-09,14.877892322589691
2021-01-10,16.33632438149666
2021-01-11,14.206552140067389
2021-01-12,15.3430341880442
2021-01-13,15.381655503907961
2021-01-14,9.110783458565106
2021-01-15,15.875896768139166
2021-01-16,18.599161059496947
2021-01-17,15.702651292525402
2021-01-18,
2021-01-19,
2021-01-20,
2021-01-21,
2021-01-22,14.205425280271395
2021-01-23,13.807115662383882
2021-01-24,13.733775977671261
2021-01-25,15.554196684695297
2021-01-26,11.273928383275774
2021-01-27,13.271270519608029
2021-01-28,17.130405611214467
2021-01-29,17.12909674849573
2021-01-30,10.823306671405557
2021-01-31,11.433066670938892
2021-02-01,13.068368999834071
2021-02-02,15.305954245241798
2021-02-03,9.774466665441848
2021-02-04,13.225940448550743
2021-02-05,12.290871744416254
2021-02-06,15.792390283652647
2021-02-07,9.685462670389708
2021-02-08,13.12079732050872
2021-02-09,12.042582162073442
2021-02-10,15.661163697546222
2021-02-11,13.806347879314249
2021-02-12,11.326632693530218
2021-02-13,14.090036426689231
2021-02-14,11.488417541068507
2021-02-15,14.145393282909117
2021-02-16,11.551120759920416
2021-02-17,14.011067039967248
2021-02-18,12.64831180072139
2021-02-19,18.169536141025713
2021-02-20,11.413197947955119
2021-02-21,12.15321880375817
2021-02-22,10.295256246420603
2021-02-23,11.1242346941968
2021-02-24,5.578138875760283
2021-02-25,11.774149769365751
2021-02-26,13.388171352816693
2021-02-27,11.353434375769158
2021-02-28,7.788555290605059
2021-03-01,8.66720278100572
2021-03-02,5.263329866971697
2021-03-03,11.932980902802653
2021-03-04,7.812050832193027
2021-03-05,9.616174991155566
2021-03-06,9.213246894668604
2021-03-07,12.341966390877175
2021-03-08,9.38157134389237
2021-03-09,
2021-03-10,9.989232023603206
2021-03-11,11.45601998782749
2021-03-12,8.098734999325341
2021-03-13,12.154938352687589
2021-03-14,4.282096534321175
2021-03-15,9.805116939751946
2021-03-16,6.192764139005223
2021-03-17,6.775470625414787
2021-03-18,8.733946504500068
2021-03-19,8.551301320654847
2021-03-20,8.474012882463025
2021-03-21,4.320830571420011
2021-03-22,9.822576282266784
2021-03-23,4.954020667758929
2021-03-24,5.051019670580953
2021-03-25,7.691196428504091
2021-03-26,5.671350289345413
2021-03-27,6.690335147766617
2021-03-28,1.5893147070448341
2021-03-29,6.2996001980192435
2021-03-30,5.994833660030463
2021-03-31,4.367505733393181
2021-04-01,1.0670090548326465
2021-04-02,4.617418859999232
2021-04-03,4.796149319652689
2021-04-04,3.9643389708699295
2021-04-05,0.8544371879106891
2021-04-06,7.5443835201406735
2021-04-07,2.9055129908070283
2021-04-08,3.5673892868254886
2021-04-09,-0.9782946383915849
2021-04-10,6.859563632054458
2021-04-11,2.566346153085364
2021-04-12,3.526409379127213
2021-04-13,5.401491373056507
2021-04-14,1.6384860392603982
2021-04-15,4.749257670807774
2021-04-16,-1.4675648075863772
2021-04-17,3.590072676294434
2021-04-18,5.466341281417568
2021-04-19,0.9955744327539069
2021-04-20,4.229565164240125
2021-04-21,5.49593241849651
2021-04-22,1.155628534710094
2021-04-23,0.8284688757879947
2021-04-24,-0.4538127266372971
2021-04-25,0.16364748696314524
2021-04-26,-0.6061479233707954
2021-04-27,-0.9310082746834958
2021-04-28,3.1087512142978784
2021-04-29,-1.0236338316226505
2021-04-30,0.9197164349182071
2021-05-01,0.3269561497619764
2021-05-02,3.0959024608516534
2021-05-03,-1.0559230113252305
2021-05-04,0.5648579717534907
2021-05-05,1.238413821742432
2021-05-06,
2021-05-07,-1.6670139328397189
2021-05-08,-2.008701102982033
2021-05-09,-3.036176556555886
2021-05-10,3.422038545207994
2021-05-11,1.5822308437357453
2021-05-12,-1.405436900497572
2021-05-13,2.409397169958612
2021-05-14,-1.787742635711801
2021-05-15,-0.26377863280825387
2021-05-16,-1.8188504128006615
2021-05-17,-1.1681513524677796
2021-05-18,-1.5027438975775016
2021-05-19,-3.0566422422919084
2021-05-20,-0.1399436399650802
2021-05-21,-1.0091345633458013
2021-05-22,-0.49954395372384486
2021-05-23,-2.0261338220029
2021-05-24,-4.589111233290535
2021-05-25,0.5357215748101556
2021-05-26,-3.5129061959984975
2021-05-27,-2.3620358866126434
2021-05-28,-1.9193861490362574
2021-05-29,-2.572857439309797
2021-05-30,-1.5519630097171946
2021-05-31,-1.3286533842953117
2021-06-01,-4.015176965104531
2021-06-02,-0.40213785972076765
2021-06-03,-4.2718781444333365
2021-06-04,-3.1469821517969554
2021-06-05,-4.675632131555227
2021-06-06,-5.324380980643917
2021-06-07,-1.963549721332242
2021-06-08,2.120046215144817
2021-06-09,-4.916379473826739
2021-06-10,-1.828604622582338
2021-06-11,-4.974714757145522
2021-06-12,-4.404743871120652
2021-06-13,-0.9267075438786492
2021-06-14,-6.644248998064926
2021-06-15,-7.225985685798798
2021-06-16,-4.773724194123743
2021-06-17,-3.3188297010370844
2021-06-18,-3.762765113882298
2021-06-19,-4.009825020946628
2021-06-20,-4.70112096474866
2021-06-21,-3.231611549648481
2021-06-22,-10.664437821826043
2021-06-23,-6.36818993909205
2021-06-24,-5.0803668582705575
2021-06-25,-3.5077036007878823
2021-06-26,-1.9579355242246477
2021-06-27,-6.7254131404790325
2021-06-28,-2.055854448177016
2021-06-29,-5.886978683121312
2021-06-30,-5.2505607169836725
2021-07-01,-3.833801447509886
2021-07-02,-5.406101749776202
2021-07-03,-2.77939437783002
2021-07-04,-5.8058747753314
2021-07-05,-5.7698111335829685
2021-07-06,-2.8778954362999216
2021-07-07,-6.496260475785467
2021-07-08,-4.457355533511432
2021-07-09,-8.25843113974943
2021-07-10,-1.277494494870521
2021-07-11,-2.4800381672301137
2021-07-12,0.6336350702449396
2021-07-13,-2.160365474843328
2021-07-14,-7.063992062817286
2021-07-15,-3.4320852074506316
2021-07-16,-6.567200896776228
2021-07-17,-1.5340232431378662
2021-07-18,-6.848422332867582
2021-07-19,-6.89763666507704
2021-07-20,-7.769290455945928
2021-07-21,-5.4739380704403215
2021-07-22,-5.820830737909137
2021-07-23,-6.907072129087174
2021-07-24,-0.34327392325808903
2021-07-25,-3.1994863791652075
2021-07-26,-3.368390617472681
2021-07-27,-0.9454187412114226
2021-07-28,-3.5394163148281086
2021-07-29,-5.474794338352617
2021-07-30,-7.300695249382083
2021-07-31,-5.430595034245346
2021-08-01,-0.7272398350938833
2021-08-02,-6.163744775004384
2021-08-03,-2.8592554830142882
2021-08-04,-1.4075589427571944
2021-08-05,-2.8121073712912414
2021-08-06,-2.489734214163875
2021-08-07,-1.87894104093395
2021-08-08,-2.3316082001041774
2021-08-09,0.2303546160829102
2021-08-10,-4.963634014760478
2021-08-11,-2.295121716058698
2021-08-12,-6.30306906099589
2021-08-13,-6.702425515099879
2021-08-14,-2.6043814604175735
2021-08-15,-1.2381815782462777
2021-08-16,1.054664058936511
2021-08-17,2.7533166833763243
2021-08-18,0.6759590853622366
2021-08-19,-0.3848627274500547
2021-08-20,-1.3926698641276882
2021-08-21,-4.646471973347245
2021-08-22,-1.7455543437791028
2021-08-23,1.2597193906429625
2021-08-24,0.6098496794310402
2021-08-25,-3.623228989854391
2021-08-26,0.3154368458811774
2021-08-27,0.28386945821816223
2021-08-28,0.06827299748028615
2021-08-29,-0.5441406936018688
2021-08-30,0.9874423510785941
2021-08-31,1.19718795626964
2021-09-01,-1.3325280780780202
2021-09-02,1.0097414584735964
2021-09-03,-0.1283010021649375
2021-09-04,-2.571795130013532
2021-09-05,-0.5669958511224615
2021-09-06,-2.416298749815692
2021-09-07,2.8274009923111647
2021-09-08,1.7363506122830719
2021-09-09,0.4721265749215149
2021-09-10,4.183817451604604
2021-09-11,1.6395072626500418
2021-09-12,-1.1971333011156204
2021-09-13,0.9491300337413097
2021-09-14,5.257510298189903
2021-09-15,0.8174568770116766
2021-09-16,2.8722995258939115
2021-09-17,3.9758526101810805
2021-09-18,3.8349830734057795
2021-09-19,7.721687293950877
2021-09-20,0.6384879348471091
2021-09-21,1.0070903223575858
2021-09-22,1.0099748507745385
2021-09-23,2.907609174519695
2021-09-24,5.868607711022939
2021-09-25,1.7771848444519702
2021-09-26,6.238519624559155
2021-09-27,4.253489386551244
2021-09-28,2.1369221190849803
2021-09-29,1.0240462036399638
2021-09-30,1.6436559639122637
2021-10-01,3.5391902227820538
2021-10-02,4.704733031475796
2021-10-03,7.907286927823115
2021-10-04,6.985399233298217
2021-10-05,3.8812873968454253
2021-10-06,6.548281865725105
2021-10-07,9.205608638694887
2021-10-08,9.821648308701691
2021-10-09,5.615980615760693
2021-10-10,8.331979811580432
2021-10-11,9.365504584806985
2021-10-12,3.741171057857503
2021-10-13,5.899701645388896
2021-10-14,11.533183928477007
2021-10-15,6.659084634841072
2021-10-16,1.570594491557154
2021-10-17,7.353194349924548
2021-10-18,10.010220729206402
2021-10-19,7.939024229935271
2021-10-20,9.52089783735074
2021-10-21,10.129864842431259
2021-10-22,7.7058327888139875
2021-10-23,7.538196415502494
2021-10-24,9.044079099813228
2021-10-25,9.251862341167639
2021-10-26,9.162410923293907
2021-10-27,9.40132175332582
2021-10-28,7.869420050319155
2021-10-29,11.021295859484933
2021-10-30,10.872056065805952
2021-10-31,7.15306068434126
2021-11-01,9.196808254899867
2021-11-02,10.30987386636312
2021-11-03,9.202151081871367
2021-11-04,11.691022161735399
2021-11-05,10.426409289656162
2021-11-06,11.04056798582824
2021-11-07,10.041563121317528
2021-11-08,6.995371497237928
2021-11-09,7.018167369562341
2021-11-10,12.433324823236509
2021-11-11,11.921318373494056
2021-11-12,12.396314371489286
2021-11-13,11.917499663768686
2021-11-14,12.205282697213917
2021-11-15,13.83978062966729
2021-11-16,12.914513486494391
2021-11-17,14.228552561041829
2021-11-18,12.608998930138846
2021-11-19,11.782500058991522
2021-11-20,12.886669736358172
2021-11-21,10.938686823633148
2021-11-22,11.961871987167823
2021-11-23,13.184943654050697
2021-11-24,13.264352753323495
2021-11-25,12.826441858322232
2021-11-26,10.364091514733762
2021-11-27,14.512049150416969
2021-11-28,15.004014531584792
2021-11-29,16.716796364052303
2021-11-30,14.404327204190551
2021-12-01,13.612533827272907
2021-12-02,11.66983487424581
2021-12-03,16.76363658573099
2021-12-04,14.356372169089424
2021-12-05,14.325932312843479
2021-12-06,13.506904444961133
2021-12-07,13.452237240525303
2021-12-08,15.535176350774561
2021-12-09,12.18351424308769
2021-12-10,17.5422778323493
2021-12-11,17.168732408208225
2021-12-12,13.705050081394292
2021-12-13,12.742148399014665
2021-12-14,10.493363780593144
2021-12-15,12.072024138581936
2021-12-16,16.082913760307232
2021-12-17,15.299161853854082
2021-12-18,15.698307649441679
2021-12-19,11.059486051923624
2021-12-20,13.995769559463822
2021-12-21,17.55580167124417
2021-12-22,14.6601462569219
2021-12-23,12.335637187389004
2021-12-24,14.682119859636426
2021-12-25,13.385452387846902
2021-12-26,15.614066319006005
2021-12-27,15.004072507121508
2021-12-28,16.062896381230438
2021-12-29,12.550820909354533
2021-12-30,14.096640870066848
2021-12-31,17.17938707488938
2022-01-01,17.291439891129038
2022-01-02,17.992294360011208
2022-01-03,20.392668627381173
2022-01-04,20.560127841052346
2022-01-05,18.998603367580316
2022-01-06,19.40611598406838
2022-01-07,21.013159322226493
2022-01-08,21.626757228097137
2022-01-09,17.76688119074271
2022-01-10,20.608865697892877
2022-01-11,22.876233067572052
2022-01-12,19.589471935957743
2022-01-13,17.62772249209211
2022-01-14,17.498461504917515
2022-01-15,19.389525636205775
2022-01-16,21.740172745788012
2022-01-17,19.541579074848247
2022-01-18,19.95331584336225
2022-01-19,17.531092392956364
2022-01-20,21.43611279671385
2022-01-21,17.121856032797762
2022-01-22,18.34468652458822
2022-01-23,20.551243838124332
2022-01-24,15.147532491765013
2022-01-25,19.506565182044287
2022-01-26,17.010029240611466
2022-01-27,19.048115639137066
2022-01-28,18.2350747497687
2022-01-29,23.072375866038357
2022-01-30,17.993358468609067
2022-01-31,22.381196639232794
2022-02-01,19.783514741256692
2022-02-02,16.91785726955364
2022-02-03,19.09103722406734
2022-02-04,17.726738225710076
2022-02-05,18.72354503905801
2022-02-06,16.712678960215648
2022-02-07,21.41963488502013
2022-02-08,19.786512271114923
2022-02-09,17.89336417309381
2022-02-10,21.179795381130713
2022-02-11,17.759601074773446
2022-02-12,19.693513941768018
2022-02-13,17.459864715075916
2022-02-14,18.053850437306814
2022-02-15,16.98385629854405
2022-02-16,17.215877449439446
2022-02-17,17.242797603205723
2022-02-18,15.4366842254901
2022-02-19,15.84641664579669
2022-02-20,16.085479925814784
2022-02-21,16.846916254119865
2022-02-22,16.192947690845532
2022-02-23,18.464929080338656
2022-02-24,17.67604578201845
2022-02-25,15.450326624232941
2022-02-26,18.465990721821747
2022-02-27,19.306215613721363
2022-02-28,11.328625616715579
2022-03-01,17.13535725655628
2022-03-02,13.73774572662124
2022-03-03,16.576628931718403
2022-03-04,17.301553298905052
2022-03-05,12.919606982558918
2022-03-06,10.816067841291522
2022-03-07,16.03738049599237
2022-03-08,14.481813672928116
2022-03-09,10.717379775794718
2022-03-10,18.955433506233526
2022-03-11,14.986035972417795
2022-03-12,14.917182468581563
2022-03-13,16.14734319680265
2022-03-14,12.091772941426802
2022-03-15,13.351078167926827
2022-03-16,10.287359528773962
2022-03-17,11.545072836404323
2022-03-18,13.366437971636472
2022-03-19,9.097927886694457
2022-03-20,10.988577763726722
2022-03-21,10.237278539755046
2022-03-22,12.208700310948993
2022-03-23,12.904717427544977
2022-03-24,13.069899459784265
2022-03-25,13.413036241726735
2022-03-26,13.989026332012635
2022-03-27,12.288304374008446
2022-03-28,14.67718789809924
2022-03-29,10.969956341510144
2022-03-30,10.212527592504937
2022-03-31,11.601837535641828
2022-04-01,9.782338624377049
2022-04-02,13.74816484051254
2022-04-03,12.132863985520338
2022-04-04,11.199353239929948
2022-04-05,9.789624804858386
2022-04-06,8.539961162677114
2022-04-07,10.585886055831294
2022-04-08,6.757603708977372
2022-04-09,11.909381070927036
2022-04-10,8.314579523887296
2022-04-11,9.109659483034935
2022-04-12,6.510281592592231
2022-04-13,9.605989009661647
2022-04-14,7.083611223016993
2022-04-15,9.121225276644882
2022-04-16,9.169873042250684
2022-04-17,6.192835133974726
2022-04-18,5.074798706550274
2022-04-19,10.220207960279055
2022-04-20,6.607203855585163
2022-04-21,7.27778474620022
2022-04-22,7.636241260111617
2022-04-23,3.996125187691275
2022-04-24,7.268107038667086
2022-04-25,6.381360869642687
2022-04-26,4.7375104617656625
2022-04-27,3.5541419524955002
2022-04-28,6.922851716789705
2022-04-29,7.811642235343628
2022-04-30,5.759853640264567
2022-05-01,2.381558595630127
2022-05-02,2.9850477013599477
2022-05-03,4.08614203413669
2022-05-04,7.931801360766347
2022-05-05,4.162773092992462
2022-05-06,3.574432571556412
2022-05-07,1.021523157898585
2022-05-08,2.913714254262506
2022-05-09,1.621512843382559
2022-05-10,1.9430796416659128
2022-05-11,4.053187327692455
2022-05-12,2.87663747690416
2022-05-13,6.945507773047191
2022-05-14,5.571990898434467
2022-05-15,2.0696325487040097
2022-05-16,1.3271701002728673
2022-05-17,5.801521615359664
2022-05-18,6.233818196322371
2022-05-19,-1.5951679826296736
2022-05-20,2.8607745318076168
2022-05-21,2.055203985492942
2022-05-22,3.743307139393072
2022-05-23,6.218748055321416
2022-05-24,1.2559144916081366
2022-05-25,-2.004447587633077
2022-05-26,3.1702216714348816
2022-05-27,4.689758193458932
2022-05-28,1.202331570279655
2022-05-29,0.30222416797564344
2022-05-30,0.7426841370668582
2022-05-31,3.2250015053341614
2022-06-01,0.5255681584200046
2022-06-02,2.004448057053629
2022-06-03,1.3175347953690737
2022-06-04,1.028760525595936
2022-06-05,2.5023088891577014
2022-06-06,0.06540626492927482
2022-06-07,0.08689498072146973
2022-06-08,2.471458120292236
2022-06-09,-1.1667103455234098
2022-06-10,-1.01968815358315
2022-06-11,-1.8435207144323202
2022-06-12,2.3142479091444637
2022-06-13,0.34765097549547197
2022-06-14,-2.1244087200724464
2022-06-15,2.157949576065585
2022-06-16,-0.7104112197483159
2022-06-17,-1.3894979145862039
2022-06-18,-0.08145537499796546
2022-06-19,3.2262638466031635
2022-06-20,-0.559309320764956
2022-06-21,1.3459861246148495
2022-06-22,1.617067103165809
2022-06-23,1.0199672670962436
2022-06-24,2.649001259644862
2022-06-25,-1.3310052082574593
2022-06-26,-2.0241354904624527
2022-06-27,-2.0811470361947415
2022-06-28,-0.2589485298497372
2022-06-29,-1.8759486603996436
2022-06-30,0.3043406727083566
2022-07-01,0.15731035434467386
2022-07-02,2.037517015209426
2022-07-03,0.5826590253094249
2022-07-04,-0.8289701968280092
2022-07-05,0.8309572578430653
2022-07-06,-2.042243384514467
2022-07-07,-0.04629307529878515
2022-07-08,0.6835887430464096
2022-07-09,0.3211693919384711
2022-07-10,0.9133569908790667
2022-07-11,-1.1812340711292462
2022-07-12,2.437483476702462
2022-07-13,3.8072449610553147
2022-07-14,-3.0100438933335116
2022-07-15,-2.200580919680312
2022-07-16,0.35498264371615146
2022-07-17,-0.20320021834981106
2022-07-18,4.146683054633128
2022-07-19,0.8402417502514775
2022-07-20,3.2354229588993606
2022-07-21,-3.595426200821519
2022-07-22,2.1864638783227095
2022-07-23,-0.814807555925285
2022-07-24,-0.7859772709844517
2022-07-25,0.24403617523725463
2022-07-26,-2.042026976648289
2022-07-27,1.761823470936429
2022-07-28,1.3294980345196121
2022-07-29,1.5549505610322027
2022-07-30,2.8737862799190426
2022-07-31,4.209083842829768
2022-08-01,0.5345068657140972
2022-08-02,2.301628735840884
2022-08-03,
2022-08-04,2.279819783729569
2022-08-05,2.402398276754222
2022-08-06,4.893305817384636
2022-08-07,0.8904973963406103
2022-08-08,-1.1416417501568406
2022-08-09,0.6164587339045717
2022-08-10,3.631483308765553
2022-08-11,2.2706875475580848
2022-08-12,
2022-08-13,0.2920723224539117
2022-08-14,3.001532844747459
2022-08-15,3.964071834411827
2022-08-16,3.405072614653438
2022-08-17,2.407072555045506
2022-08-18,3.3295203126262
2022-08-19,3.442491716868719
2022-08-20,3.666794286760006
2022-08-21,1.0473742509812696
2022-08-22,3.9411715689342497
2022-08-23,2.797772951194122
2022-08-24,5.8945231793944775
2022-08-25,4.215276587012053
2022-08-26,5.758343995010001
2022-08-27,3.623521060383217
2022-08-28,3.837065082027894
2022-08-29,7.500072909665464
2022-08-30,5.528944794021224
2022-08-31,3.3735328136333655
2022-09-01,6.744338330025739
2022-09-02,4.033103868853664
2022-09-03,5.701885554952536
2022-09-04,9.076021867197763
2022-09-05,2.6936534436777575
2022-09-06,5.359516777342085
2022-09-07,6.683757203975016
2022-09-08,7.553968526503782
2022-09-09,3.70063998261166
2022-09-10,3.2711942278772717
2022-09-11,
2022-09-12,5.224482497210453
2022-09-13,5.303522098114302
2022-09-14,10.092301269187653
2022-09-15,7.295812756653608
2022-09-16,7.474333403741399
2022-09-17,7.1285004708487385
2022-09-18,5.207121970809554
2022-09-19,9.174161594823453
2022-09-20,8.809995492544893
2022-09-21,8.497399134102057
2022-09-22,8.096837666426289
2022-09-23,7.914806717876891
2022-09-24,10.494819713752864
2022-09-25,8.558067877632803
2022-09-26,8.8836765356035
2022-09-27,10.243022356463317
2022-09-28,9.7708373668676
2022-09-29,12.811338231856553
2022-09-30,6.176063396584308
2022-10-01,10.470711915984428
2022-10-02,8.6318238220181
2022-10-03,8.330987904852355
2022-10-04,9.473094396833044
2022-10-05,10.668528717969552
2022-10-06,10.929089450827588
2022-10-07,7.867903668953419
2022-10-08,9.991645807285982
2022-10-09,11.807235741820806
2022-10-10,9.66154205060312
2022-10-11,9.356026041598307
2022-10-12,7.243050289228388
2022-10-13,10.598128922957573
2022-10-14,9.79388806172885
2022-10-15,10.293291088862764
2022-10-16,11.884856614400043
2022-10-17,11.395460217612197
2022-10-18,10.428493943256067
2022-10-19,8.694320225867024
2022-10-20,13.694792554044758
2022-10-21,14.759075274736741
2022-10-22,12.622217733689805
2022-10-23,13.045430995422691
2022-10-24,13.74281817927693
2022-10-25,17.05387164853238
2022-10-26,10.918841695948423
2022-10-27,13.382029256215752
2022-10-28,10.922566391295192
2022-10-29,15.245358956794155
2022-10-30,14.385675384003996
2022-10-31,15.231061643484331
2022-11-01,15.281378014253955
2022-11-02,17.10513062869126
2022-11-03,16.347043015560647
2022-11-04,17.077294121879987
2022-11-05,13.42910498677655
2022-11-06,18.088764656868154
2022-11-07,14.398256257305677
2022-11-08,14.652070058811196
2022-11-09,16.660549167393228
2022-11-10,16.85794225595101
2022-11-11,14.243780616050312
2022-11-12,16.172431375239324
2022-11-13,19.62502461338181
2022-11-14,13.839474767398698
2022-11-15,19.872172364455167
2022-11-16,16.54187783885859
2022-11-17,12.471224193559296
2022-11-18,14.532611780719837
2022-11-19,15.456308464560676
2022-11-20,16.250405410480198
2022-11-21,17.401616069357065
2022-11-22,12.314605585468497
2022-11-23,18.203409821725934
2022-11-24,15.825535072871702
2022-11-25,20.820324761530326
2022-11-26,17.600107493594226
2022-11-27,20.124922401040997
2022-11-28,20.55625567821428
2022-11-29,20.59596186048026
2022-11-30,17.387961725088118
2022-12-01,17.451209843447295
2022-12-02,18.24594729488948
2022-12-03,20.05207559776673
2022-12-04,17.839315675833053
2022-12-05,18.70066101801207
2022-12-06,19.56220447399774
2022-12-07,17.278392521299295
2022-12-08,17.222426306014633
2022-12-09,18.909867725596893
2022-12-10,19.239771743935023
2022-12-11,20.221450453134768
2022-12-12,20.75694632503158
2022-12-13,17.271751889617452
2022-12-14,17.899605893416844
2022-12-15,17.633347308424185
2022-12-16,22.447985577724328
2022-12-17,19.427936955647706
2022-12-18,19.743259109319542
2022-12-19,19.866194050598974
2022-12-20,18.35606077223387
2022-12-21,22.949795096572068
2022-12-22,20.674254377198064
2022-12-23,19.95940771619287
2022-12-24,17.694811679021097
2022-12-25,17.60362224126491
2022-12-26,19.328893135903673
2022-12-27,18.56299816220242
2022-12-28,17.841414361972753
2022-12-29,19.244752123741648
2022-12-30,19.56121795084527
2022-12-31,20.282089233011703
2023-01-01,23.992161057251472
2023-01-02,22.983317002771102
2023-01-03,23.048232235414552
2023-01-04,27.412613621337137
2023-01-05,22.47278768034237
2023-01-06,25.68934634592862
2023-01-07,25.985800858664003
2023-01-08,24.684936272906064
2023-01-09,28.440982638132585
2023-01-10,25.883664642692377
2023-01-11,28.53800716416991
2023-01-12,23.519128054850263
2023-01-13,23.519509979882315
2023-01-14,25.80571963993198
2023-01-15,24.188069244191098
2023-01-16,28.03980898583681
2023-01-17,25.306491541803364
2023-01-18,22.485703443836965
2023-01-19,21.05014294021592
2023-01-20,24.313400346074225
2023-01-21,24.234926916062005
2023-01-22,24.98121133974826
2023-01-23,26.71279526154355
2023-01-24,26.384622096392732
2023-01-25,23.000840818000007
2023-01-26,21.500537569786186
2023-01-27,21.5467745713007
2023-01-28,22.465582554549815
2023-01-29,23.127243119263344
2023-01-30,24.389725124939215
2023-01-31,22.09395869967415
2023-02-01,24.17039410111657
2023-02-02,24.2448555027312
2023-02-03,23.716103138739605
2023-02-04,21.07831172436031
2023-02-05,24.174883508047458
2023-02-06,27.303000192615627
2023-02-07,23.531073272154025
2023-02-08,17.029565888218933
2023-02-09,25.311560180864433
2023-02-10,21.316070291592872
2023-02-11,27.14246796759913
2023-02-12,22.73099091477761
2023-02-13,19.013862152059417
2023-02-14,18.13668026776815
2023-02-15,25.226215385781366
2023-02-16,24.237084713526116
2023-02-17,26.353771653963104
2023-02-18,21.797996861614
2023-02-19,21.535494212883506
2023-02-20,20.75355237447001
2023-02-21,20.07091373799683
2023-02-22,20.469246620936833
2023-02-23,21.553790677335304
2023-02-24,19.29400757023496
2023-02-25,17.50440304253572
2023-02-26,21.022176194946223
2023-02-27,18.827783169183586
2023-02-28,13.937402756679674
2023-03-01,21.37591186773774
2023-03-02,17.90759604505018
2023-03-03,21.298711798453276
2023-03-04,21.10077363064415
2023-03-05,20.240772194625688
2023-03-06,24.514357720036035
2023-03-07,19.090408619615886
2023-03-08,18.639729572963716
2023-03-09,20.421602126433807
2023-03-10,18.785409771080296
2023-03-11,21.05818422269271
2023-03-12,16.03937057318021
2023-03-13,15.911358796749877
2023-03-14,19.78503982977224
2023-03-15,15.76054806507227
2023-03-16,19.144200569218913
2023-03-17,18.50097542339542
2023-03-18,16.20614139864267
2023-03-19,18.162837541426228
2023-03-20,14.791971963514406
2023-03-21,15.093346607103088
2023-03-22,16.450140342884172
2023-03-23,16.91317054235872
2023-03-24,15.978316777055635
2023-03-25,17.281634879916652
2023-03-26,17.02172546896448
2023-03-27,19.132547083337926
2023-03-28,15.7119454060204
2023-03-29,18.12007816134904
2023-03-30,17.40062092679382
2023-03-31,19.975177375508043
2023-04-01,14.960644934557678
2023-04-02,14.202317940056465
2023-04-03,17.38628548373738
2023-04-04,15.469662095013444
2023-04-05,17.090104550343483
2023-04-06,15.78851310148584
2023-04-07,9.969711863896782
2023-04-08,14.764442166733657
2023-04-09,14.463085799947976
2023-04-10,13.93606673958597
2023-04-11,13.234959908306712
2023-04-12,10.145196689390154
2023-04-13,14.90837031789985
2023-04-14,13.73863130488064
2023-04-15,15.026681090829534
2023-04-16,9.577575055745399
2023-04-17,13.502368340242343
2023-04-18,11.852538273285138
2023-04-19,12.443984147041025
2023-04-20,11.545482655281544
2023-04-21,12.915302969069202
2023-04-22,11.339565968834973
2023-04-23,9.399695597376338
2023-04-24,11.515625602599693
2023-04-25,10.754758723062412
2023-04-26,10.857784614916678
2023-04-27,4.491590970090671
2023-04-28,12.076352788012576
2023-04-29,9.926890984260307
2023-04-30,7.7063654574424305
2023-05-01,12.095616313025785
2023-05-02,11.372444791215269
2023-05-03,9.295749060235085
2023-05-04,7.498223119404809
2023-05-05,10.012335886548959
2023-05-06,9.757782586328029
2023-05-07,11.217161323234379
2023-05-08,8.339612804761746
2023-05-09,11.477229821094213
2023-05-10,7.8689332968399786
2023-05-11,6.1216223982901266
2023-05-12,6.414400377171952
2023-05-13,8.421695789433269
2023-05-14,8.284955134902049
2023-05-15,8.943122705826239
2023-05-16,7.9800577215170145
2023-05-17,9.990874776159938
2023-05-18,7.391545020430252
2023-05-19,3.8007759747185585
2023-05-20,7.432865906932626
2023-05-21,3.545403225753434
2023-05-22,7.987848821268594
2023-05-23,9.44779780496824
2023-05-24,5.251579557698695
2023-05-25,9.954062814478451
2023-05-26,8.697868760593217
2023-05-27,9.322790367080636
2023-05-28,7.1889788461884665
2023-05-29,4.7267687767513245
2023-05-30,8.178833803450532
2023-05-31,5.275388957535012
2023-06-01,6.670259053196676
2023-06-02,6.004225470760701
2023-06-03,8.511320677482985
2023-06-04,7.640173762288127
2023-06-05,5.938592639028494
2023-06-06,2.1193516775773578
2023-06-07,4.677613168027626
2023-06-08,7.284696999261562
2023-06-09,6.367360824907064
2023-06-10,2.7343083592357815
2023-06-11,2.0639319233170883
2023-06-12,6.00724438290627
2023-06-13,3.444010576226455
2023-06-14,3.5812286504105324
2023-06-15,6.795547909012756
2023-06-16,7.805150664233903
2023-06-17,3.8524541890149697
2023-06-18,5.220381127531591
2023-06-19,5.120323295698659
2023-06-20,4.902206862835151
2023-06-21,5.276505348696277
2023-06-22,6.675904917944214
2023-06-23,3.7855719776242407
2023-06-24,2.056302891264205
2023-06-25,8.46324666821462
2023-06-26,7.241378044618321
2023-06-27,2.8375105333564523
2023-06-28,5.301252318301756
2023-06-29,7.039548984453635
2023-06-30,6.507346738029778
2023-07-01,5.927360134753457
2023-07-02,4.659916625653857
2023-07-03,8.45497825896126
2023-07-04,5.445051259813807
2023-07-05,3.979340330336319
2023-07-06,6.760296112972605
2023-07-07,5.22210558465269
2023-07-08,5.744381730362493
2023-07-09,5.468832598820633
2023-07-10,6.076777948540919
2023-07-11,3.1499454534979225
2023-07-12,2.2312078967434132
2023-07-13,8.03117250873107
2023-07-14,5.694477519962016
2023-07-15,6.772309627045342
2023-07-16,1.749298187312128
2023-07-17,7.443267960184942
2023-07-18,4.310886952376028
2023-07-19,3.7882367697844663
2023-07-20,5.323586116183473
2023-07-21,3.5468611510006314
2023-07-22,5.554661515206791
2023-07-23,5.343549388562384
2023-07-24,7.7978996787226285
2023-07-25,8.767441232340442
2023-07-26,8.770171888497062
2023-07-27,1.3472224615004915
2023-07-28,4.077734441399452
2023-07-29,1.4727925370129373
2023-07-30,3.712639686783169
2023-07-31,4.880483328633798
2023-08-01,7.083052194343079
2023-08-02,5.307060987382855
2023-08-03,5.450349899092667
2023-08-04,6.888120137471216
2023-08-05,3.1985836574066333
2023-08-06,5.035112822327231
2023-08-07,5.802737881684452
2023-08-08,6.505026078987836
2023-08-09,7.1661142515874365
2023-08-10,10.118249021160826
2023-08-11,9.04070085242592
2023-08-12,5.7947917580145365
2023-08-13,6.92240874037026
2023-08-14,6.900082327102147
2023-08-15,6.646754250822721
2023-08-16,8.338360156103201
2023-08-17,4.194174111413582
2023-08-18,9.797666520044244
2023-08-19,11.5479073651846
2023-08-20,7.747719342981046
2023-08-21,7.837255302783852
2023-08-22,8.860607362121836
2023-08-23,10.717737842046931
2023-08-24,8.164698533740475
2023-08-25,10.817329635714978
2023-08-26,10.064374896270703
2023-08-27,13.950306722492101
2023-08-28,8.71116872692622
2023-08-29,5.559569521711133
2023-08-30,6.790396175819179
2023-08-31,9.826418353245158
2023-09-01,12.006153640826295
2023-09-02,8.794695054867958
2023-09-03,9.78862437957883
2023-09-04,11.772358080142107
2023-09-05,8.625753017196951
2023-09-06,9.488541822485523
2023-09-07,8.531760546950434
2023-09-08,13.381028042939556
2023-09-09,14.26645342092614
2023-09-10,8.183944786041188
2023-09-11,11.219154449511262
2023-09-12,14.47983016094802
2023-09-13,12.625477481353407
2023-09-14,11.01332345764513
2023-09-15,9.064083887968165
2023-09-16,14.62774605202398
2023-09-17,13.209129791040798
2023-09-18,9.709113328812382
2023-09-19,15.20254980378466
2023-09-20,9.790287325177907
2023-09-21,12.719044175088369
2023-09-22,12.800254338234547
2023-09-23,16.736208674249134
2023-09-24,13.147760550897729
2023-09-25,13.311368631443543
2023-09-26,11.28564192287589
2023-09-27,12.902440688578558
2023-09-28,12.720324583745542
2023-09-29,12.996341384766291
2023-09-30,14.711366001314662
2023-10-01,10.002544267564717
2023-10-02,12.022574892128643
2023-10-03,14.993123227147903
2023-10-04,15.629732175129604
2023-10-05,15.092304303718239
2023-10-06,15.649362319410846
2023-10-07,15.084282872999903
2023-10-08,16.036804260182297
2023-10-09,17.11307707939232
2023-10-10,17.26967040954575
2023-10-11,15.207677028114347
2023-10-12,18.585504383380176
2023-10-13,17.23873320871493
2023-10-14,19.557574372310018
2023-10-15,20.126901717617045
2023-10-16,14.543043778212859
2023-10-17,15.877062892960577
2023-10-18,19.38806581091578
2023-10-19,14.596218516075583
2023-10-20,20.93052386913622
2023-10-21,17.56565645749447
2023-10-22,19.565773761896587
2023-10-23,18.34420106260969
2023-10-24,15.952418092337311
2023-10-25,21.00739369957183
2023-10-26,24.555703344674626
2023-10-27,18.18099215524951
2023-10-28,18.721795217870145
2023-10-29,14.222522952788918
2023-10-30,22.37659797849226
2023-10-31,21.648608063296184
2023-11-01,16.508365164961972
2023-11-02,15.993943197190454
2023-11-03,16.372314520093187
2023-11-04,21.706616457305447
2023-11-05,22.0501572057986
2023-11-06,18.855755038180288
2023-11-07,21.841501799049272
2023-11-08,21.29956338604146
2023-11-09,20.384324598978804
2023-11-10,23.194499383223054
2023-11-11,18.97762301805919
2023-11-12,23.814068385974906
2023-11-13,20.191510871614152
2023-11-14,25.339221254400975
2023-11-15,19.89112183546678
2023-11-16,21.322130584491315
2023-11-17,22.26390813551431
2023-11-18,22.370712343330617
2023-11-19,23.364920541267253
2023-11-20,19.926899175552325
2023-11-21,22.536417770114472
2023-11-22,22.997829257797083
2023-11-23,21.77432458871437
2023-11-24,23.743833324440306
2023-11-25,20.346539791352647
2023-11-26,22.48755315698081
2023-11-27,21.73286180876821
2023-11-28,22.688695859287655
2023-11-29,26.323486293390232
2023-11-30,26.45368666332789
2023-12-01,26.150443080052383
2023-12-02,22.771379333304406
2023-12-03,25.594837400609293
2023-12-04,24.085430469192985
2023-12-05,24.03036537219858
2023-12-06,23.860294146080502
2023-12-07,27.60501208815328
2023-12-08,26.890320093785796
2023-12-09,25.716188325299072
2023-12-10,23.950812183010484
2023-12-11,24.432801009640606
2023-12-12,25.47430638420394
2023-12-13,
2023-12-14,26.400407189232983
2023-12-15,22.732361660664573
2023-12-16,25.406778150536294
2023-12-17,20.089047036467516
2023-12-18,
2023-12-19,28.905999588410836
2023-12-20,26.859783788452972
2023-12-21,27.892192958549053
2023-12-22,23.517585732851842
2023-12-23,25.087772330237847
2023-12-24,27.46930902751084
2023-12-25,26.193677093988157
2023-12-26,25.96383995383185
2023-12-27,28.224145690006203
2023-12-28,22.895393121837998
2023-12-29,24.61819208399375
2023-12-30,21.485902882058337
2023-12-31,22.80830628821996
2024-01-01,32.148370784357944
2024-01-02,28.163819859706916
2024-01-03,31.46512251564724
2024-01-04,33.303638246820924
2024-01-05,29.62042670308198
2024-01-06,31.002708628945705
2024-01-07,31.43333245820105
2024-01-08,27.484497098444272
2024-01-09,28.672419830720134
2024-01-10,27.872904233293372
2024-01-11,28.77875484739455
2024-01-12,31.253477454842205
2024-01-13,28.597007337784568
2024-01-14,29.680338868708315
2024-01-15,27.62607728496703
2024-01-16,32.12132246512018
2024-01-17,28.532870794094816
2024-01-18,32.6208129873703
2024-01-19,29.645633945002693
2024-01-20,26.655878374834597
2024-01-21,29.07111968203722
2024-01-22,27.228125838199155
2024-01-23,30.47011286878805
2024-01-24,28.703669923751143
2024-01-25,29.48506339272758
2024-01-26,28.349470153301905
2024-01-27,27.90433223359219
2024-01-28,26.99194194596132
2024-01-29,30.53315208898444
2024-01-30,28.433294643409482
2024-01-31,28.066512106069343
2024-02-01,28.21318236200562
2024-02-02,27.163051624041547
2024-02-03,27.806712519995777
2024-02-04,28.746817347772676
2024-02-05,26.170956059462014
2024-02-06,26.361756948923766
2024-02-07,30.795847805573562
2024-02-08,27.21020302392236
2024-02-09,26.726679418922608
2024-02-10,25.033822633873093
2024-02-11,29.312397861556228
2024-02-12,25.386412385024002
2024-02-13,27.35267821810815
2024-02-14,23.849705109052476
2024-02-15,28.783079461157843
2024-02-16,29.378987228928732
2024-02-17,27.870774573385756
2024-02-18,23.707187627656296
2024-02-19,28.326078267461327
2024-02-20,24.86429195950642
2024-02-21,24.045550463072047
2024-02-22,25.487183638337157
2024-02-23,25.312128665994265
2024-02-24,24.971711841698585
2024-02-25,28.390330232093074
2024-02-26,29.72607491980312
2024-02-27,22.82190129187152
2024-02-28,24.038613417910632
2024-02-29,25.556273758513633
2024-03-01,24.346281139409783
2024-03-02,25.773930387628837
2024-03-03,26.657048129503774
2024-03-04,26.172324056120104
2024-03-05,25.740189175022707
2024-03-06,27.68470336140009
2024-03-07,21.033114142128674
2024-03-08,27.014474867509204
2024-03-09,23.070321227128392
2024-03-10,25.307447589255943
2024-03-11,21.517649931772368
2024-03-12,21.598714907892
2024-03-13,24.577655430083862
2024-03-14,19.232709898249784
2024-03-15,24.90488751291011
2024-03-16,25.280896735657866
2024-03-17,22.95068767835592
2024-03-18,22.712019292116477
2024-03-19,20.59388456526598
2024-03-20,23.442045264437827
2024-03-21,22.619846312523155
2024-03-22,19.912304112166634
2024-03-23,20.80263395085497
2024-03-24,21.096732102778823
2024-03-25,20.459188245829523
2024-03-26,18.347990639941685
2024-03-27,22.3005567174782
2024-03-28,20.24393038717699
2024-03-29,20.58989945279265
2024-03-30,19.230689634126897
2024-03-31,21.165703922306204
2024-04-01,20.440427751725245
2024-04-02,22.29646581751075
2024-04-03,20.65999437740889
2024-04-04,19.121417313101464
2024-04-05,17.875481870501723
2024-04-06,20.915141414529064
2024-04-07,18.446646415098378
2024-04-08,18.497218870852553
2024-04-09,18.325909722072698
2024-04-10,17.696230595239218
2024-04-11,18.02040575651907
2024-04-12,22.012431608888363
2024-04-13,15.895450340438266
2024-04-14,16.193759274511464
2024-04-15,20.423734940604408
2024-04-16,16.738490592161664
2024-04-17,16.42061438022847
2024-04-18,19.226135840736834
2024-04-19,14.151410689079825
2024-04-20,18.470995972615754
2024-04-21,16.75654506946122
2024-04-22,17.43312970915167
2024-04-23,17.23483667553156
2024-04-24,14.927142624368138
2024-04-25,18.126939417474254
2024-04-26,14.76693849921482
2024-04-27,16.52877865887265
2024-04-28,18.031667190012143
2024-04-29,18.1604760051719
2024-04-30,14.716236607448115
2024-05-01,16.02598388419143
2024-05-02,14.231411872377558
2024-05-03,19.810154332982393
2024-05-04,16.21652642893785
2024-05-05,14.679687288826683
2024-05-06,14.9936171041663
2024-05-07,15.041294665374862
2024-05-08,14.960872632931183
2024-05-09,13.4694428682184
2024-05-10,13.02463136890462
2024-05-11,13.375259164673528
2024-05-12,11.267135457610085
2024-05-13,14.852532966968434
2024-05-14,11.683990339026742
2024-05-15,11.040905625784465
2024-05-16,13.007528810902981
2024-05-17,12.65348795797563
2024-05-18,13.292597456039367
2024-05-19,11.538648545071396
2024-05-20,11.773875484824451
2024-05-21,13.82930586945018
2024-05-22,13.595846207988796
2024-05-23,13.403078622617091
2024-05-24,12.184884666397714
2024-05-25,12.350051517800903
2024-05-26,12.370707831671535
2024-05-27,10.497767653701251
2024-05-28,14.660392328547168
2024-05-29,14.280379012797656
2024-05-30,13.113081953073626
2024-05-31,10.58276686818677
2024-06-01,12.425215692268239
2024-06-02,13.218668839428737
2024-06-03,8.73312594699918
2024-06-04,14.48874775905023
2024-06-05,7.543790842346073
2024-06-06,12.357279740504179
2024-06-07,13.782817032797666
2024-06-08,10.581013374759834
2024-06-09,10.439823428415357
2024-06-10,12.012429453548712
2024-06-11,14.319989866459101
2024-06-12,9.995989635775274
2024-06-13,8.940911188353796
2024-06-14,9.602781540231463
2024-06-15,7.295645118830114
2024-06-16,12.149374040517879
2024-06-17,9.28173563732822
2024-06-18,9.85213831953627
2024-06-19,12.049857335066196
2024-06-20,9.441487747563983
2024-06-21,11.681087853040696
2024-06-22,8.057243663450858
2024-06-23,12.024296816944334
2024-06-24,10.76703684353804
2024-06-25,9.885376133998884
2024-06-26,10.30657325174284
2024-06-27,7.456465711444377
2024-06-28,10.234146143175355
2024-06-29,9.725919278264492
2024-06-30,7.48446829401976
2024-07-01,8.658219555024257
2024-07-02,9.741879892932308
2024-07-03,8.788749144999205
2024-07-04,5.185031038876866
2024-07-05,12.170919734499147
2024-07-06,9.74580855057052
2024-07-07,5.496885857382158
2024-07-08,14.332460074997009
2024-07-09,12.566011463633476
2024-07-10,9.408893858159665
2024-07-11,8.448425688350028
2024-07-12,10.969289483784944
2024-07-13,10.59996202615196
2024-07-14,11.31479492182893
2024-07-15,8.589576081157285
2024-07-16,12.505445784699203
2024-07-17,9.406933996736464
2024-07-18,11.76220460071369
2024-07-19,8.856453930533398
2024-07-20,15.799109543592653
2024-07-21,11.949171609588522
2024-07-22,16.38469063573865
2024-07-23,12.332311820906956
2024-07-24,9.617823514324135
2024-07-25,12.465901889992287
2024-07-26,12.677408056679157
2024-07-27,11.694716390081547
2024-07-28,12.283351008721775
2024-07-29,12.623178494468581
2024-07-30,9.192157728909978
2024-07-31,9.132212154429286
2024-08-01,9.75849345913907
2024-08-02,11.68957482973098
2024-08-03,11.07824842812485
2024-08-04,9.666061815976358
2024-08-05,13.262927549294252
2024-08-06,12.375940773592157
2024-08-07,12.247688038992232
2024-08-08,11.496227660788476
2024-08-09,11.360493236963597
2024-08-10,10.541366206645778
2024-08-11,14.200892392073081
2024-08-12,11.038081095966822
2024-08-13,
2024-08-14,15.999080076408275
2024-08-15,12.128813015082681
2024-08-16,14.835137498793788
2024-08-17,14.173655776102622
2024-08-18,13.783740910275995
2024-08-19,14.148097308134187
2024-08-20,13.22617101447765
2024-08-21,13.616070805291375
2024-08-22,12.582737991675062
2024-08-23,13.896200209643137
2024-08-24,12.778987311944512
2024-08-25,16.098695737517414
2024-08-26,10.828088977125834
2024-08-27,15.330599339501775
2024-08-28,15.18474381999736
2024-08-29,15.148306345542276
2024-08-30,16.851559776175815
2024-08-31,14.378142272698895
2024-09-01,15.610581024853506
2024-09-02,11.817405502956584
2024-09-03,14.572038841208508
2024-09-04,17.267691081304314
2024-09-05,13.032757149802194
2024-09-06,16.186700656272443
2024-09-07,14.669537713406838
2024-09-08,15.961133853789937
2024-09-09,15.107419787504114
2024-09-10,14.009134238900845
2024-09-11,17.43731884073773
2024-09-12,16.72889359005944
2024-09-13,18.217060163017717
2024-09-14,18.745283943187683
2024-09-15,19.772374422556283
2024-09-16,17.755072852037134
2024-09-17,20.19232815350231
2024-09-18,15.871218681252769
2024-09-19,19.80901410714991
2024-09-20,19.078797316078898
2024-09-21,18.795669050008378
2024-09-22,19.3889104848797
2024-09-23,16.74837517798711
2024-09-24,16.447160384194948
2024-09-25,22.431454984825276
2024-09-26,18.84579169030123
2024-09-27,18.988928661893425
2024-09-28,17.322167168293092
2024-09-29,16.735240340537242
2024-09-30,19.694259281625335
2024-10-01,19.35985953994498
2024-10-02,20.218629687847116
2024-10-03,20.561530689686087
2024-10-04,25.538092063527415
2024-10-05,20.053791337502858
2024-10-06,24.0623963161973
2024-10-07,24.35786189673151
2024-10-08,22.752041209411853
2024-10-09,20.945150287072206
2024-10-10,18.862649178765878
2024-10-11,22.71120265888209
2024-10-12,23.962139979110177
2024-10-13,25.588521388196448
2024-10-14,20.361240946589316
2024-10-15,21.941444442588814
2024-10-16,20.707388789852303
2024-10-17,21.494013746100833
2024-10-18,24.254778424804734
2024-10-19,21.731560405018
2024-10-20,21.604878492485774
2024-10-21,25.009699419123102
2024-10-22,24.47845996841834
2024-10-23,24.437219543775033
2024-10-24,22.590529778909744
2024-10-25,26.64030384002937
2024-10-26,24.239989102600475
2024-10-27,29.126892597070167
2024-10-28,24.843054378263126
2024-10-29,20.006896487885697
2024-10-30,20.06932634805844
2024-10-31,26.22303277276274
2024-11-01,27.72470242594584
2024-11-02,23.70312082657602
2024-11-03,29.61823575211411
2024-11-04,28.886172240558643
2024-11-05,26.12351645380016
2024-11-06,26.921889620995938
2024-11-07,27.77086957883619
2024-11-08,29.898853807328273
2024-11-09,27.61837766334362
2024-11-10,26.763357525057568
2024-11-11,27.863592353960414
2024-11-12,27.72327454254131
2024-11-13,28.624968265016875
2024-11-14,23.76168729627064
2024-11-15,27.65698164158648
2024-11-16,28.067614875589076
2024-11-17,27.120380913581304
2024-11-18,28.951596428466182
2024-11-19,31.34059925318376
2024-11-20,27.887476848816622
2024-11-21,29.105008006407022
2024-11-22,31.042330557673733
2024-11-23,28.258845101405182
2024-11-24,26.26235321361059
2024-11-25,29.372018633258023
2024-11-26,23.835897783979387
2024-11-27,23.738823642460332
2024-11-28,29.09543946778034
2024-11-29,23.830834444849355
2024-11-30,25.97927467403356
2024-12-01,27.935696766445464
2024-12-02,27.336768147517105
2024-12-03,28.56509320824714
2024-12-04,31.164926246729557
2024-12-05,29.491978464046703
2024-12-06,27.409535569836113
2024-12-07,31.86752502824142
2024-12-08,26.368681015316493
2024-12-09,29.73518113157594
2024-12-10,26.27350754310807
2024-12-11,29.91780898658955
2024-12-12,28.832622722975554
2024-12-13,31.68825158035671
2024-12-14,31.016230825938848
2024-12-15,28.44881211055816
2024-12-16,28.110598854420296
2024-12-17,29.08080705276528
2024-12-18,33.50178824264063
2024-12-19,33.02553776188531
2024-12-20,27.884719687942706
2024-12-21,31.452651743563305
2024-12-22,26.417363798842445
2024-12-23,29.010639599207497
2024-12-24,28.072358518852482
2024-12-25,32.08526711426009
2024-12-26,27.381546709769253
2024-12-27,30.8350035239108
2024-12-28,29.988088406016686
2024-12-29,29.643176347938024
